-- phpMyAdmin SQL Dump
-- version 5.0.2
-- https://www.phpmyadmin.net/
--
-- Host: 127.0.0.1
-- Waktu pembuatan: 15 Bulan Mei 2023 pada 06.29
-- Versi server: 10.4.13-MariaDB
-- Versi PHP: 7.4.8

SET SQL_MODE = "NO_AUTO_VALUE_ON_ZERO";
START TRANSACTION;
SET time_zone = "+00:00";


/*!40101 SET @OLD_CHARACTER_SET_CLIENT=@@CHARACTER_SET_CLIENT */;
/*!40101 SET @OLD_CHARACTER_SET_RESULTS=@@CHARACTER_SET_RESULTS */;
/*!40101 SET @OLD_COLLATION_CONNECTION=@@COLLATION_CONNECTION */;
/*!40101 SET NAMES utf8mb4 */;

--
-- Database: `u1747614_sbk`
--

-- --------------------------------------------------------

--
-- Struktur dari tabel `laporan`
--

CREATE TABLE `laporan` (
  `id_sbk` varchar(10) NOT NULL,
  `t1_psw_d` int(11) DEFAULT NULL,
  `t1_kru_psw_d` int(11) DEFAULT NULL,
  `t1_pnp_psw_d` int(11) DEFAULT NULL,
  `t1_pnp_psw_d_suhu` int(11) DEFAULT NULL,
  `t1_psw_b` int(11) DEFAULT NULL,
  `t1_kru_psw_b` int(11) DEFAULT NULL,
  `t1_pnp_psw_b` int(11) DEFAULT NULL,
  `t1_pmrksn_sts_vksnasi` int(11) DEFAULT NULL,
  `t1_pmrksn_sts_vksnasi_ms` int(11) DEFAULT NULL,
  `t1_pmrksn_sts_vksnasi_tms` int(11) DEFAULT NULL,
  `t1_pmrksn_sts_vksnasi_tms_als` varchar(100) DEFAULT NULL,
  `t1_plyn_kshtn` int(11) DEFAULT NULL,
  `t1_poli_tdk_mnlr` int(11) DEFAULT NULL,
  `t1_poli_mnlr` int(11) DEFAULT NULL,
  `t1_kgwtdrtn_mds` int(11) DEFAULT NULL,
  `t1_plyn_kshtn_rujukan` int(11) DEFAULT NULL,
  `t1_pmrksn_laik_trbng` int(11) DEFAULT NULL,
  `t1_laik_trbng` int(11) DEFAULT NULL,
  `t1_tdk_laik_trbng` int(11) DEFAULT NULL,
  `t1_tdk_laik_trbng_dgnosa` varchar(100) DEFAULT NULL,
  `t1_ijn_org_skt` int(11) DEFAULT NULL,
  `t1_org_skt_d` int(11) DEFAULT NULL,
  `t1_org_skt_b` int(11) DEFAULT NULL,
  `t1_org_skt_tdk_mnlr` int(11) DEFAULT NULL,
  `t1_org_skt_mnlr` int(11) DEFAULT NULL,
  `t1_kmtn_jnzh` int(11) DEFAULT NULL,
  `t1_kmtn_jnzh_dgnosa` varchar(100) DEFAULT NULL,
  `t1_jnzh_tdk_mnlr` int(11) DEFAULT NULL,
  `t1_jnzh_mnlr` int(11) DEFAULT NULL,
  `t1_vksnasi_covid` int(11) DEFAULT NULL,
  `t1_jml_dsnfksi` int(11) DEFAULT NULL,
  `t1_lks_dsnfksi` varchar(100) DEFAULT NULL,
  `t2_psw_d` int(11) DEFAULT NULL,
  `t2_kru_psw_d` int(11) DEFAULT NULL,
  `t2_pnp_psw_d` int(11) DEFAULT NULL,
  `t2_pnp_psw_d_suhu` varchar(255) DEFAULT NULL,
  `t2_psw_b` int(11) DEFAULT NULL,
  `t2_kru_psw_b` int(11) DEFAULT NULL,
  `t2_pnp_psw_b` int(11) DEFAULT NULL,
  `t2_pmrksn_sts_vksnasi` int(11) DEFAULT NULL,
  `t2_pmrksn_sts_vksnasi_ms` int(11) DEFAULT NULL,
  `t2_pmrksn_sts_vksnasi_tms` int(11) DEFAULT NULL,
  `t2_pmrksn_sts_vksnasi_tms_als` varchar(100) DEFAULT NULL,
  `t2_plyn_kshtn` int(11) DEFAULT NULL,
  `t2_poli_tdk_mnlr` int(11) DEFAULT NULL,
  `t2_poli_mnlr` int(11) DEFAULT NULL,
  `t2_kgwtdrtn_mds` int(11) DEFAULT NULL,
  `t2_plyn_kshtn_rujukan` int(11) DEFAULT NULL,
  `t2_pmrksn_laik_trbng` int(11) DEFAULT NULL,
  `t2_laik_trbng` int(11) DEFAULT NULL,
  `t2_tdk_laik_trbng` int(11) DEFAULT NULL,
  `t2_tdk_laik_trbng_dgnosa` varchar(100) DEFAULT NULL,
  `t2_ijn_org_skt` int(11) DEFAULT NULL,
  `t2_org_skt_d` int(11) DEFAULT NULL,
  `t2_org_skt_b` int(11) DEFAULT NULL,
  `t2_org_skt_tdk_mnlr` int(11) DEFAULT NULL,
  `t2_org_skt_mnlr` int(11) DEFAULT NULL,
  `t2_kmtn_jnzh` int(11) DEFAULT NULL,
  `t2_kmtn_jnzh_dgnosa` varchar(100) DEFAULT NULL,
  `t2_jnzh_tdk_mnlr` int(11) DEFAULT NULL,
  `t2_jnzh_mnlr` int(11) DEFAULT NULL,
  `t2_jml_dsnfksi` int(11) DEFAULT NULL,
  `t2_lks_dsnfksi` varchar(100) DEFAULT NULL,
  `t2_pmrksn_snts_psw` int(11) DEFAULT NULL,
  `t2_snts_psw_laik` int(11) DEFAULT NULL,
  `t2_snts_psw_tdk_laik` int(11) DEFAULT NULL,
  `t2_snts_psw_tdk_laik_tndkn` varchar(100) DEFAULT NULL,
  `crg_ijn_angkt_jnzh` int(11) DEFAULT NULL,
  `crg_ijn_angkt_jnzh_d` int(11) DEFAULT NULL,
  `crg_ijn_angkt_jnzh_b` int(11) DEFAULT NULL,
  `crg_jnzh_tdk_mnlr` int(11) DEFAULT NULL,
  `crg_jnzh_mnlr` int(11) DEFAULT NULL,
  `crg_jnzh_luar_ngri` int(11) DEFAULT NULL,
  `crg_jnzh_dlm_ngri` int(11) DEFAULT NULL,
  `crg_pmrksn_jnzh` int(11) DEFAULT NULL,
  `crg_pmrksn_jnzh_d` int(11) DEFAULT NULL,
  `crg_pmrksn_jnzh_b` int(11) DEFAULT NULL,
  `crg_ijn_angkt_abu_jnzh` int(11) DEFAULT NULL,
  `crg_ijn_angkt_abu_jnzh_d` int(11) DEFAULT NULL,
  `crg_ijn_angkt_abu_jnzh_b` int(11) DEFAULT NULL
) ENGINE=InnoDB DEFAULT CHARSET=utf8mb4 ROW_FORMAT=DYNAMIC;

--
-- Dumping data untuk tabel `laporan`
--

INSERT INTO `laporan` (`id_sbk`, `t1_psw_d`, `t1_kru_psw_d`, `t1_pnp_psw_d`, `t1_pnp_psw_d_suhu`, `t1_psw_b`, `t1_kru_psw_b`, `t1_pnp_psw_b`, `t1_pmrksn_sts_vksnasi`, `t1_pmrksn_sts_vksnasi_ms`, `t1_pmrksn_sts_vksnasi_tms`, `t1_pmrksn_sts_vksnasi_tms_als`, `t1_plyn_kshtn`, `t1_poli_tdk_mnlr`, `t1_poli_mnlr`, `t1_kgwtdrtn_mds`, `t1_plyn_kshtn_rujukan`, `t1_pmrksn_laik_trbng`, `t1_laik_trbng`, `t1_tdk_laik_trbng`, `t1_tdk_laik_trbng_dgnosa`, `t1_ijn_org_skt`, `t1_org_skt_d`, `t1_org_skt_b`, `t1_org_skt_tdk_mnlr`, `t1_org_skt_mnlr`, `t1_kmtn_jnzh`, `t1_kmtn_jnzh_dgnosa`, `t1_jnzh_tdk_mnlr`, `t1_jnzh_mnlr`, `t1_vksnasi_covid`, `t1_jml_dsnfksi`, `t1_lks_dsnfksi`, `t2_psw_d`, `t2_kru_psw_d`, `t2_pnp_psw_d`, `t2_pnp_psw_d_suhu`, `t2_psw_b`, `t2_kru_psw_b`, `t2_pnp_psw_b`, `t2_pmrksn_sts_vksnasi`, `t2_pmrksn_sts_vksnasi_ms`, `t2_pmrksn_sts_vksnasi_tms`, `t2_pmrksn_sts_vksnasi_tms_als`, `t2_plyn_kshtn`, `t2_poli_tdk_mnlr`, `t2_poli_mnlr`, `t2_kgwtdrtn_mds`, `t2_plyn_kshtn_rujukan`, `t2_pmrksn_laik_trbng`, `t2_laik_trbng`, `t2_tdk_laik_trbng`, `t2_tdk_laik_trbng_dgnosa`, `t2_ijn_org_skt`, `t2_org_skt_d`, `t2_org_skt_b`, `t2_org_skt_tdk_mnlr`, `t2_org_skt_mnlr`, `t2_kmtn_jnzh`, `t2_kmtn_jnzh_dgnosa`, `t2_jnzh_tdk_mnlr`, `t2_jnzh_mnlr`, `t2_jml_dsnfksi`, `t2_lks_dsnfksi`, `t2_pmrksn_snts_psw`, `t2_snts_psw_laik`, `t2_snts_psw_tdk_laik`, `t2_snts_psw_tdk_laik_tndkn`, `crg_ijn_angkt_jnzh`, `crg_ijn_angkt_jnzh_d`, `crg_ijn_angkt_jnzh_b`, `crg_jnzh_tdk_mnlr`, `crg_jnzh_mnlr`, `crg_jnzh_luar_ngri`, `crg_jnzh_dlm_ngri`, `crg_pmrksn_jnzh`, `crg_pmrksn_jnzh_d`, `crg_pmrksn_jnzh_b`, `crg_ijn_angkt_abu_jnzh`, `crg_ijn_angkt_abu_jnzh_d`, `crg_ijn_angkt_abu_jnzh_b`) VALUES
('SBK230217', 118, 770, 17630, 0, 114, 750, 16292, 0, 0, 0, '', 3, 3, 0, 0, 0, 7, 7, 0, '', 1, 0, 1, 1, 0, 0, '', 0, 0, 0, 1, '', 16, 131, 2998, '0', 14, 116, 2729, 2998, 2998, 0, '', 0, 0, 0, 0, 0, 7, 7, 0, '', 0, 0, 0, 0, 0, 0, '', 0, 0, 3, '', 16, 16, 0, '', 3, 3, 0, 3, 0, 3, 0, 0, 0, 0, 0, 0, 0),
('SBK230218', 107, 709, 14653, 0, 108, 708, 14638, 0, 0, 0, '', 0, 0, 0, 0, 0, 22, 22, 0, '', 0, 0, 0, 0, 0, 0, '0', 0, 0, 0, 1, '', 15, 125, 2981, '0', 17, 153, 3580, 2981, 2981, 0, '', 3, 3, 0, 0, 0, 20, 20, 0, '', 0, 0, 0, 0, 0, 0, '', 0, 0, 3, '', 15, 15, 0, '', 4, 3, 1, 4, 0, 3, 1, 0, 0, 0, 0, 0, 0),
('SBK230219', 109, 706, 15881, 0, 110, 724, 16959, 0, 0, 0, '', 0, 0, 0, 0, 0, 16, 16, 0, '', 0, 0, 0, 0, 0, 0, '', 0, 0, 0, 1, '', 16, 140, 3655, '0', 18, 148, 3419, 3655, 3655, 0, '', 0, 0, 0, 0, 0, 10, 9, 1, 'Gangguan mobilitas, Ikterus, KU lemah ', 0, 0, 0, 0, 0, 0, '', 0, 0, 3, '', 16, 16, 0, '', 6, 5, 1, 6, 0, 5, 1, 0, 0, 0, 0, 0, 0),
('SBK230220', 115, 746, 15217, 0, 116, 751, 15779, 0, 0, 0, '', 0, 0, 0, 0, 0, 15, 15, 0, '', 0, 0, 0, 0, 0, 0, '', 0, 0, 0, 1, '', 13, 106, 2767, '0', 12, 98, 2592, 2767, 2767, 0, '', 1, 1, 0, 0, 0, 4, 4, 0, '', 0, 0, 0, 0, 0, 0, '', 0, 0, 3, '', 13, 13, 0, '', 6, 6, 0, 6, 0, 6, 0, 0, 0, 0, 0, 0, 0),
('SBK230221', 107, 697, 14583, 0, 108, 700, 14165, 0, 0, 0, '', 0, 0, 0, 0, 0, 8, 7, 1, 'GGK + Asma SAT 91', 3, 3, 0, 3, 0, 0, '', 0, 0, 0, 1, '', 14, 117, 3179, '0', 14, 113, 3019, 3179, 3179, 0, '', 0, 0, 0, 1, 0, 6, 6, 0, '', 0, 0, 0, 0, 0, 1, 'DOA', 1, 0, 3, '', 14, 14, 0, '', 7, 4, 3, 7, 0, 4, 3, 0, 0, 0, 0, 0, 0),
('SBK230222', 0, 0, 0, 0, 0, 0, 0, 0, 0, 0, '', 0, 0, 0, 0, 0, 0, 0, 0, '', 0, 0, 0, 0, 0, 0, '', 0, 0, 0, 0, '', 0, 0, 0, '', 0, 0, 0, 0, 0, 0, '', 0, 0, 0, 0, 0, 0, 0, 0, '', 0, 0, 0, 0, 0, 0, '', 0, 0, 0, '', 0, 0, 0, '', 4, 4, 0, 4, 0, 4, 0, 0, 0, 0, 0, 0, 0),
('SBK230320', 0, 0, 0, 0, 0, 0, 0, 0, 0, 0, '', 0, 0, 0, 0, 0, 0, 0, 0, '', 0, 0, 0, 0, 0, 0, '', 0, 0, 0, 0, '', 0, 0, 0, '', 0, 0, 0, 0, 0, 0, '', 0, 0, 0, 0, 0, 0, 0, 0, '', 0, 0, 0, 0, 0, 0, '', 0, 0, 0, '', 0, 0, 0, '', 5, 3, 2, 5, 0, 3, 2, 5, 3, 2, 0, 0, 0),
('SBK230323', 95, 569, 10438, 0, 96, 577, 11335, 0, 0, 0, '', 1, 0, 0, 0, 0, 13, 12, 1, '', 5, 2, 2, 0, 0, 0, '', 0, 0, 0, 0, '', 333, 2833, 66348, '2', 347, 2832, 66453, 0, 0, 0, '', 24, 0, 0, 6, 7, 166, 165, 1, '', 0, 0, 0, 0, 0, 4, '', 0, 0, 66, '', 330, 330, 0, '', 0, 2, 2, 0, 0, 2, 2, 0, 0, 0, 0, 0, 0),
('SBK230324', 0, 0, 0, 0, 0, 0, 0, 0, 0, 0, '', 0, 0, 0, 0, 0, 0, 0, 0, '', 0, 0, 0, 0, 0, 0, '', 0, 0, 0, 0, '', 0, 0, 0, '', 0, 0, 0, 0, 0, 0, '', 0, 0, 0, 0, 0, 0, 0, 0, '', 0, 0, 0, 0, 0, 0, '', 0, 0, 0, '', 0, 0, 0, '', 0, 0, 0, 0, 0, 0, 0, 0, 0, 0, 0, 0, 0),
('SBK230411', 0, 0, 0, 0, 0, 0, 0, 0, 0, 0, '', 0, 0, 0, 0, 0, 0, 0, 0, '', 0, 0, 0, 0, 0, 0, '', 0, 0, 0, 0, '', 0, 0, 0, '', 0, 0, 0, 0, 0, 0, '', 0, 0, 0, 0, 0, 0, 0, 0, '', 0, 0, 0, 0, 0, 0, '', 0, 0, 0, '', 0, 0, 0, '', 1, 1, 0, 1, 0, 1, 0, 0, 0, 0, 0, 0, 0),
('SBK230419', 146, 972, 26471, 0, 146, 968, 17777, 0, 0, 0, '', 0, 0, 0, 0, 0, 19, 18, 1, 'SUSP Stroke Ischaemia (Hipertensi)', 0, 0, 0, 0, 0, 0, '', 0, 0, 0, 1, 'Poliklinik', 17, 125, 2733, '0', 16, 117, 2555, 0, 0, 0, '', 0, 0, 0, 0, 0, 0, 0, 0, '', 0, 0, 0, 0, 0, 0, '', 0, 0, 3, 'Poliklinik, Isolasi, Administrasi', 17, 17, 0, '', 6, 5, 1, 6, 0, 5, 1, 0, 0, 0, 0, 0, 0),
('SBK230513', 125, 827, 15201, 0, 128, 830, 19910, 0, 0, 0, '0', 1, 1, 0, 0, 0, 15, 15, 0, '0', 3, 3, 0, 3, 0, 0, '', 0, 0, 0, 1, 'Poliklinik', 15, 114, 1905, '0', 18, 125, 2548, 0, 0, 0, '', 1, 1, 0, 0, 0, 0, 0, 0, '', 0, 0, 0, 0, 0, 0, '', 0, 0, 3, 'Poliklinik, Isolasi, Administrasi', 15, 15, 0, '', 5, 4, 1, 5, 0, 4, 1, 0, 0, 0, 0, 0, 0);

-- --------------------------------------------------------

--
-- Struktur dari tabel `laporan_masalah`
--

CREATE TABLE `laporan_masalah` (
  `id_sbk` varchar(10) NOT NULL,
  `sub` int(11) NOT NULL,
  `poin` varchar(255) DEFAULT NULL
) ENGINE=InnoDB DEFAULT CHARSET=utf8mb4 ROW_FORMAT=DYNAMIC;

-- --------------------------------------------------------

--
-- Struktur dari tabel `laporan_saran`
--

CREATE TABLE `laporan_saran` (
  `id_sbk` varchar(10) NOT NULL,
  `sub` int(11) NOT NULL,
  `poin` varchar(255) DEFAULT NULL
) ENGINE=InnoDB DEFAULT CHARSET=utf8mb4 ROW_FORMAT=DYNAMIC;

-- --------------------------------------------------------

--
-- Struktur dari tabel `petugas`
--

CREATE TABLE `petugas` (
  `tgl` date NOT NULL,
  `nip` varchar(18) NOT NULL,
  `nama` varchar(100) DEFAULT NULL,
  `gol` varchar(5) DEFAULT NULL,
  `status` varchar(5) DEFAULT NULL,
  `pangkat` varchar(50) DEFAULT NULL,
  `jabatan` varchar(100) DEFAULT NULL,
  `role` int(11) DEFAULT NULL,
  `in` datetime DEFAULT current_timestamp()
) ENGINE=InnoDB DEFAULT CHARSET=utf8mb4 ROW_FORMAT=DYNAMIC;

--
-- Dumping data untuk tabel `petugas`
--

INSERT INTO `petugas` (`tgl`, `nip`, `nama`, `gol`, `status`, `pangkat`, `jabatan`, `role`, `in`) VALUES
('2023-02-17', '196604021991031004', 'Suminto, SH, M.Si', 'III/d', 'PNS', 'Penata Tingkat 1', 'Arsiparis Ahli Muda (JF)', 6, '2023-02-22 17:13:33'),
('2023-02-17', '197004082002122001', 'dr. Deni Apriani, MM', 'IV/a', 'PNS', 'Pembina', 'Dokter Ahli Muda (JF)', 1, '2023-02-22 17:11:23'),
('2023-02-17', '197305181994031002', 'Akhmad Imron, SKM,M.KKK', 'IV/a', 'PNS', 'Pembina', 'Epidemiolog Kesehatan Ahli Muda (JF)', 4, '2023-02-22 17:11:57'),
('2023-02-17', '197904212005012001', 'Henik Kartikowati, S.Kep,Ns', 'III/c', 'PNS', 'Penata', 'Perawat / Pengelola Keperawatan (JP)', 3, '2023-02-22 17:11:42'),
('2023-02-17', '198006072006042006', 'dr. Eni Wahyuni', 'IV/b', 'PNS', 'Pembina Tingkat 1', 'Dokter Ahli Madya (JF)', 2, '2023-02-22 17:12:30'),
('2023-02-17', '198007142014122002', 'dr. Maedy Christiyani Bawolje', 'III/c', 'PNS', 'Penata', 'Dokter (JP)', 2, '2023-02-22 17:11:32'),
('2023-02-17', '198311252006042005', 'Fenty Dwi Noviani, SKM', 'III/b', 'PNS', 'Penata Muda Tingkat 1', 'Sanitarian Ahli (JP)', 4, '2023-02-22 17:12:51'),
('2023-02-17', '919761119201005101', 'Budi Setiawan', '', 'PPNPN', '', 'Staf Substansi TU', 7, '2023-02-22 17:13:25'),
('2023-02-17', '919860421202003101', 'Roy Widiyanto', '', 'PPNPN', '', 'Staf Substansi TU', 7, '2023-02-22 17:12:17'),
('2023-02-17', '919910905201601201', 'Septia Anggraini, AMd. KL', '', 'PPNPN', '', 'Staf Substansi PRL', 5, '2023-02-22 17:13:14'),
('2023-02-17', '919921026201401201', 'Okky Oktavia Pontororing, AMd. Kep', '', 'PPNPN', '', 'Staf Substansi UKLW', 3, '2023-02-22 17:12:41'),
('2023-02-17', '919980827202101101', 'Audrey Abdilah Rusdianto', '', 'PPNPN', '', 'Staf Substansi PRL', 5, '2023-02-22 17:12:08'),
('2023-02-18', '197407221999032007', 'Yuyung Setiyowati, SKM, MPH', 'IV/a', 'PNS', 'Pembina', 'Sanitarian Ahli Madya (JF)', 5, '2023-02-22 17:58:39'),
('2023-02-18', '197608292009012003', 'dr. Hendri Hastuti', 'IV/a', 'PNS', 'Pembina', 'Dokter Ahli Muda (JF)', 2, '2023-02-22 17:58:07'),
('2023-02-18', '197904042002122003', 'Ira Ummu Aimanah, SKM, M.Kes', 'III/c', 'PNS', 'Penata', 'Epidemiolog Kesehatan Ahli Muda (JF)', 4, '2023-02-22 17:58:32'),
('2023-02-18', '198008082005012005', 'Aryanti, S.Kep, Ns', 'III/d', 'PNS', 'Penata Tingkat 1', 'Perawat Ahli Muda (JF)', 3, '2023-02-22 17:57:19'),
('2023-02-18', '198009102008122001', 'Puspita Tri Mutiarani, S.KM', 'III/a', 'PNS', 'Penata Muda', 'Sanitarian Ahli Pertama (JF)', 5, '2023-02-22 17:57:41'),
('2023-02-18', '198506052014121001', 'dr. Dedy Hendrawan Alvianto', 'III/c', 'PNS', 'Penata', 'Dokter (JP)', 2, '2023-02-22 17:57:10'),
('2023-02-18', '198708152010121002', 'Andhika Nugraha, SKM., M.KKK', 'III/c', 'PNS', 'Penata', 'Pembimbing Kesehatan Kerja Ahli Muda (JF)', 1, '2023-02-22 17:57:01'),
('2023-02-18', '198804282019022001', 'Ika Rohmawati, SKM', 'III/a', 'PNS', 'Penata Muda', 'Epidemiolog Kesehatan Ahli Pertama (JF)', 4, '2023-02-22 17:57:27'),
('2023-02-18', '919800811202006101', 'Gatut Susanto', '', 'PPNPN', '', 'Staf Substansi TU', 7, '2023-02-22 17:57:49'),
('2023-02-18', '919900920202006101', 'Didik Aman Wahyudi, S.Kep, Ns', '', 'PPNPN', '', 'Staf Substansi UKLW', 3, '2023-02-22 17:58:16'),
('2023-02-18', '919950425201802101', 'Miftahul Huda', '', 'PPNPN', '', 'Staf Substansi TU', 7, '2023-02-22 17:58:47'),
('2023-02-18', '919980224202203101', 'Bagas Permadi', '', 'PPNPN', '', 'Staf Substansi TU', 6, '2023-02-22 17:58:53'),
('2023-02-19', '197105052014122001', 'dr. Ririn Puspitasari, MM', 'III/c', 'PNS', 'Penata', 'Epidemiolog Kesehatan Ahli Muda (JF)', 1, '2023-02-22 18:33:26'),
('2023-02-19', '197109192001122006', 'dr. Diah Wahju Tjahjana', 'IV/c', 'PNS', 'Pembina Utama Muda', 'Dokter Ahli Madya (JF)', 2, '2023-02-22 18:34:37'),
('2023-02-19', '197304142000032001', 'Christiany Kusuma Pertiwi, S.Si', 'IV/a', 'PNS', 'Pembina', 'Entomolog Kesehatan Ahli Madya (JF)', 5, '2023-02-22 18:34:05'),
('2023-02-19', '198108042011032001', 'dr. Rr. Fitri Budi Sri Sugihartini', 'III/d', 'PNS', 'Penata Tingkat 1', 'Dokter Ahli Muda (JF)', 2, '2023-02-22 18:33:37'),
('2023-02-19', '198109142005012001', 'Suhartatik, SKM, M.Kes', 'III/c', 'PNS', 'Penata', 'Epidemiolog Kesehatan Ahli Muda (JF)', 4, '2023-02-22 18:34:51'),
('2023-02-19', '198408172007122001', 'Zulfa Auliyati Agustina, SKM', 'III/c', 'PNS', 'Penata', 'Epidemiolog Kesehatan Ahli Muda (JF)', 4, '2023-02-22 18:34:16'),
('2023-02-19', '919761119201005101', 'Budi Setiawan', '', 'PPNPN', '', 'Staf Substansi TU', 7, '2023-02-22 18:34:27'),
('2023-02-19', '919830218201101101', 'Rahmad Fauzi', '', 'PPNPN', '', 'Staf Substansi TU', 6, '2023-02-22 18:35:33'),
('2023-02-19', '919860421202003101', 'Roy Widiyanto', '', 'PPNPN', '', 'Staf Substansi TU', 7, '2023-02-22 18:35:19'),
('2023-02-19', '919900920202006101', 'Didik Aman Wahyudi, S.Kep, Ns', '', 'PPNPN', '', 'Staf Substansi UKLW', 3, '2023-02-22 18:33:46'),
('2023-02-19', '919940910201802101', 'Nurhakim, AMd. Kep', '', 'PPNPN', '', 'Staf Substansi UKLW', 3, '2023-02-22 18:34:44'),
('2023-02-19', '919980827202101101', 'Audrey Abdilah Rusdianto', '', 'PPNPN', '', 'Staf Substansi PRL', 5, '2023-02-22 18:34:59'),
('2023-02-20', '196604021991031004', 'Suminto, SH, M.Si', 'III/d', 'PNS', 'Penata Tingkat 1', 'Arsiparis Ahli Muda (JF)', 6, '2023-02-22 16:56:47'),
('2023-02-20', '196907231989032001', 'Ida Nurhandayani, SKM', 'IV/a', 'PNS', 'Pembina', 'Epidemiolog Kesehatan Ahli Madya (JF)', 4, '2023-02-22 16:56:26'),
('2023-02-20', '197301252014122002', 'dr. Norma Priamindiasari', 'III/c', 'PNS', 'Penata', 'Dokter (JP)', 2, '2023-02-22 16:55:19'),
('2023-02-20', '197305181994031002', 'Akhmad Imron, SKM,M.KKK', 'IV/a', 'PNS', 'Pembina', 'Epidemiolog Kesehatan Ahli Muda (JF)', 4, '2023-02-22 16:55:42'),
('2023-02-20', '197901292008121002', 'Siswanto, ST, M.Epid', 'III/c', 'PNS', 'Penata', 'Sanitarian Ahli Muda (JF)', 1, '2023-02-22 16:55:10'),
('2023-02-20', '197905052005011006', 'Maksudi', 'III/d', 'PNS', 'Penata Tingkat 1', 'Perawat Ahli Muda (JF)', 3, '2023-02-22 16:56:16'),
('2023-02-20', '197911182006042001', 'Nunki Nirmalasari, ST', 'III/d', 'PNS', 'Penata Tingkat 1', 'Sanitarian Ahli Muda (JF)', 5, '2023-02-22 16:55:50'),
('2023-02-20', '198506142015032007', 'dr. Yuliana Tanaya', 'III/c', 'PNS', 'Penata', 'Dokter (JP)', 2, '2023-02-22 16:56:08'),
('2023-02-20', '199508092019021001', 'Dirga Maulidan, SKM', 'III/a', 'PNS', 'Penata Muda', 'Entomolog Kesehatan Ahli Pertama (JF)', 5, '2023-02-22 16:56:32'),
('2023-02-20', '919860421202003101', 'Roy Widiyanto', '', 'PPNPN', '', 'Staf Substansi TU', 7, '2023-02-22 16:56:39'),
('2023-02-20', '919881110202001101', 'Mustakim', '', 'PPNPN', '', 'Staf Substansi TU', 7, '2023-02-22 16:55:58'),
('2023-02-20', '919900920202006101', 'Didik Aman Wahyudi, S.Kep, Ns', '', 'PPNPN', '', 'Staf Substansi UKLW', 3, '2023-02-22 16:55:29'),
('2023-02-21', '197003301991031002', 'Pudjo Suwanto, SKM, M.Kes', 'IV/a', 'PNS', 'Pembina', 'Entomolog Kesehatan Ahli Muda (JF)', 1, '2023-02-22 16:14:31'),
('2023-02-21', '197608292009012003', 'dr. Hendri Hastuti', 'IV/a', 'PNS', 'Pembina', 'Dokter Ahli Muda (JF)', 2, '2023-02-22 16:15:28'),
('2023-02-21', '197611182005012002', 'Binti Wachidatin, S.Kep, Ners', 'III/c', 'PNS', 'Penata', 'Perawat Ahli Pertama (JF)', 3, '2023-02-22 16:15:40'),
('2023-02-21', '198007142014122002', 'dr. Maedy Christiyani Bawolje', 'III/c', 'PNS', 'Penata', 'Dokter (JP)', 2, '2023-02-22 16:14:43'),
('2023-02-21', '198009102008122001', 'Puspita Tri Mutiarani, S.KM', 'III/a', 'PNS', 'Penata Muda', 'Sanitarian Ahli Pertama (JF)', 5, '2023-02-22 16:15:10'),
('2023-02-21', '198408172007122001', 'Zulfa Auliyati Agustina, SKM', 'III/c', 'PNS', 'Penata', 'Epidemiolog Kesehatan Ahli Muda (JF)', 4, '2023-02-22 16:15:49'),
('2023-02-21', '919761119201005101', 'Budi Setiawan', '', 'PPNPN', '', 'Staf Substansi TU', 7, '2023-02-22 16:17:40'),
('2023-02-21', '919811110200904101', 'Bayu Indar Nirwanto', '', 'PPNPN', '', 'Staf Substansi TU', 6, '2023-02-22 16:17:55'),
('2023-02-21', '919910905201601201', 'Septia Anggraini, AMd. KL', '', 'PPNPN', '', 'Staf Substansi PRL', 5, '2023-02-22 16:15:59'),
('2023-02-21', '919920503201601201', 'Putrie Nurlina Permatasari, AMd. Kep', '', 'PPNPN', '', 'Staf Substansi UKLW', 3, '2023-02-22 16:14:51'),
('2023-02-21', '919930504202002101', 'Rizqi Arief Firmansyah, S.Kom', '', 'PPNPN', '', 'Staf Substansi PKSE', 4, '2023-02-22 16:15:01'),
('2023-02-21', '919950425201802101', 'Miftahul Huda', '', 'PPNPN', '', 'Staf Substansi TU', 7, '2023-02-22 16:15:17'),
('2023-02-22', '196607291988032001', 'Yuli Suharianingtyas, SKM', 'IV/a', 'PNS', 'Pembina', 'Sanitarian Ahli Madya (JF)', 5, '2023-02-22 15:06:02'),
('2023-02-22', '197807062009122001', 'dr. Yuli Kristanti', 'III/c', 'PNS', 'Penata', 'Dokter (JP)', 2, '2023-02-22 15:06:26'),
('2023-02-22', '197903112003122003', 'Devika Martyawati, SKM,M.Kes', 'IV/a', 'PNS', 'Pembina', 'Epidemiolog Kesehatan Ahli Muda (JF)', 1, '2023-02-22 15:05:17'),
('2023-02-22', '197904042002122003', 'Ira Ummu Aimanah, SKM, M.Kes', 'III/c', 'PNS', 'Penata', 'Epidemiolog Kesehatan Ahli Muda (JF)', 4, '2023-02-22 15:06:43'),
('2023-02-22', '198006042005012004', 'Leily Florentina, AMd. Kep', 'III/c', 'PNS', 'Penata', 'Perawat / Pengelola Keperawatan (JP)', 3, '2023-02-22 15:06:35'),
('2023-02-22', '198006072006042006', 'dr. Eni Wahyuni', 'IV/b', 'PNS', 'Pembina Tingkat 1', 'Dokter Ahli Madya (JF)', 2, '2023-02-22 15:05:34'),
('2023-02-22', '198210022005012003', 'Agata Mirna Sari, Amd.Kep', 'III/a', 'PNS', 'Penata Muda', 'Perawat Mahir (JF)', 3, '2023-02-22 15:05:44'),
('2023-02-22', '198305252009122001', 'dr. Retno Widyastuti, MKM', 'III/d', 'PNS', 'Penata Tingkat 1', 'Epidemiolog Kesehatan Ahli Muda (JF)', 4, '2023-02-22 15:05:52'),
('2023-02-22', '199402282022031001', 'Putra Ibnu Chajar, S.Kom', 'III/a', 'PNS', 'Penata Muda', 'Pranata Komputer Ahli Pertama (JP)', 6, '2023-02-22 15:07:13'),
('2023-02-22', '199508092019021001', 'Dirga Maulidan, SKM', 'III/a', 'PNS', 'Penata Muda', 'Entomolog Kesehatan Ahli Pertama (JF)', 5, '2023-02-22 15:06:50'),
('2023-02-22', '919761119201005101', 'Budi Setiawan', '', 'PPNPN', '', 'Staf Substansi TU', 7, '2023-02-22 15:07:02'),
('2023-02-22', '919800811202006101', 'Gatut Susanto', '', 'PPNPN', '', 'Staf Substansi TU', 7, '2023-02-22 16:50:56'),
('2023-02-23', '197109192001122006', 'dr. Diah Wahju Tjahjana', 'IV/c', 'PNS', 'Pembina Utama Muda', 'Dokter Ahli Madya (JF)', 2, '2023-02-23 18:54:48'),
('2023-02-23', '197304142000032001', 'Christiany Kusuma Pertiwi, S.Si', 'IV/a', 'PNS', 'Pembina', 'Entomolog Kesehatan Ahli Madya (JF)', 5, '2023-02-23 18:56:41'),
('2023-02-23', '197305181994031002', 'Akhmad Imron, SKM,M.KKK', 'IV/a', 'PNS', 'Pembina', 'Epidemiolog Kesehatan Ahli Muda (JF)', 4, '2023-02-23 18:55:46'),
('2023-02-23', '197904212005012001', 'Henik Kartikowati, S.Kep,Ns', 'III/c', 'PNS', 'Penata', 'Perawat / Pengelola Keperawatan (JP)', 3, '2023-02-23 18:55:09'),
('2023-02-23', '198108042011032001', 'dr. Rr. Fitri Budi Sri Sugihartini', 'III/d', 'PNS', 'Penata Tingkat 1', 'Dokter Ahli Muda (JF)', 2, '2023-02-23 18:55:00'),
('2023-02-23', '198708152010121002', 'Andhika Nugraha, SKM., M.KKK', 'III/c', 'PNS', 'Penata', 'Pembimbing Kesehatan Kerja Ahli Muda (JF)', 1, '2023-02-23 18:54:29'),
('2023-02-23', '198804282019022001', 'Ika Rohmawati, SKM', 'III/a', 'PNS', 'Penata Muda', 'Epidemiolog Kesehatan Ahli Pertama (JF)', 4, '2023-02-23 18:55:37'),
('2023-02-23', '198811072022031002', 'Candra Kurniawan, A.Md', 'II/c', 'PNS', 'Pengatur', 'Pranata Komputer Terampil (JP)', 6, '2023-02-23 18:56:54'),
('2023-02-23', '199101062012122002', 'Fawandi Eta Rachmawati, SKM', 'III/a', 'PNS', 'Penata Muda', 'Sanitarian Ahli Pertama (JF)', 5, '2023-02-23 18:55:56'),
('2023-02-23', '919881110202001101', 'Mustakim', '', 'PPNPN', '', 'Staf Substansi TU', 7, '2023-02-23 18:57:03'),
('2023-02-23', '919920503201601201', 'Putrie Nurlina Permatasari, AMd. Kep', '', 'PPNPN', '', 'Staf Substansi UKLW', 3, '2023-02-23 18:55:20'),
('2023-02-23', '919950425201802101', 'Miftahul Huda', '', 'PPNPN', '', 'Staf Substansi TU', 7, '2023-02-23 18:57:10'),
('2023-03-17', '197003301991031002', 'Pudjo Suwanto, SKM, M.Kes', 'IV/a', 'PNS', 'Pembina', 'Entomolog Kesehatan Ahli Muda (JF)', 1, '2023-03-17 20:11:40'),
('2023-03-17', '197310162003122001', 'dr. Suci Wulansari Sp.KFR', 'III/d', 'PNS', 'Penata Tingkat 1', 'Staf Substansi UKLW', 2, '2023-03-17 20:12:03'),
('2023-03-17', '197407221999032007', 'Yuyung Setiyowati, SKM, MPH', 'IV/a', 'PNS', 'Pembina', 'Sanitarian Ahli Madya (JF)', 5, '2023-03-17 20:12:49'),
('2023-03-17', '197603302006042001', 'dr. Lulut Kusumawati, Sp.PK', 'III/c', 'PNS', 'Penata', 'Staf Substansi UKLW', 2, '2023-03-17 20:13:03'),
('2023-03-17', '198009102008122001', 'Puspita Tri Mutiarani, S.KM', 'III/a', 'PNS', 'Penata Muda', 'Sanitarian Ahli Pertama (JF)', 5, '2023-03-17 20:14:02'),
('2023-03-17', '198109142005012001', 'Suhartatik, SKM, M.Kes', 'III/c', 'PNS', 'Penata', 'Epidemiolog Kesehatan Ahli Muda (JF)', 4, '2023-03-17 20:13:27'),
('2023-03-17', '198804282019022001', 'Ika Rohmawati, SKM', 'III/a', 'PNS', 'Penata Muda', 'Epidemiolog Kesehatan Ahli Pertama (JF)', 4, '2023-03-17 20:12:39'),
('2023-03-17', '199402282022031001', 'Putra Ibnu Chajar, S.Kom', 'III/a', 'PNS', 'Penata Muda', 'Pranata Komputer Ahli Pertama (JP)', 6, '2023-03-17 20:15:13'),
('2023-03-17', '919800811202006101', 'Gatut Susanto', '', 'PPNPN', '', 'Staf Substansi TU', 7, '2023-03-17 20:12:21'),
('2023-03-17', '919900920202006101', 'Didik Aman Wahyudi, S.Kep, Ns', '', 'PPNPN', '', 'Staf Substansi UKLW', 3, '2023-03-17 20:12:12'),
('2023-03-17', '919940910201802101', 'Nurhakim, AMd. Kep', '', 'PPNPN', '', 'Staf Substansi UKLW', 3, '2023-03-17 20:13:16'),
('2023-03-17', '919950425201802101', 'Miftahul Huda', '', 'PPNPN', '', 'Staf Substansi TU', 7, '2023-03-17 20:15:05'),
('2023-03-20', '197109192001122006', 'dr. Diah Wahju Tjahjana', 'IV/c', 'PNS', 'Pembina Utama Muda', 'Dokter Ahli Madya (JF)', 2, '2023-03-20 06:43:54'),
('2023-03-20', '197901292008121002', 'Siswanto, ST, M.Epid', 'III/c', 'PNS', 'Penata', 'Sanitarian Ahli Muda (JF)', 1, '2023-03-20 06:42:53'),
('2023-03-20', '198006072006042006', 'dr. Eni Wahyuni', 'IV/b', 'PNS', 'Pembina Tingkat 1', 'Dokter Ahli Madya (JF)', 2, '2023-03-20 06:44:21'),
('2023-03-20', '198009102008122001', 'Puspita Tri Mutiarani, S.KM', 'III/a', 'PNS', 'Penata Muda', 'Sanitarian Ahli Pertama (JF)', 5, '2023-03-20 06:43:28'),
('2023-03-20', '198305252009122001', 'dr. Retno Widyastuti, MKM', 'III/d', 'PNS', 'Penata Tingkat 1', 'Epidemiolog Kesehatan Ahli Muda (JF)', 4, '2023-03-20 06:46:45'),
('2023-03-20', '198408172007122001', 'Zulfa Auliyati Agustina, SKM', 'III/c', 'PNS', 'Penata', 'Epidemiolog Kesehatan Ahli Muda (JF)', 4, '2023-03-20 06:59:16'),
('2023-03-20', '199508092019021001', 'Dirga Maulidan, SKM', 'III/a', 'PNS', 'Penata Muda', 'Entomolog Kesehatan Ahli Pertama (JF)', 5, '2023-03-20 06:46:18'),
('2023-03-20', '919800811202006101', 'Gatut Susanto', '', 'PPNPN', '', 'Staf Substansi TU', 7, '2023-03-20 06:47:53'),
('2023-03-20', '919830218201101101', 'Rahmad Fauzi', '', 'PPNPN', '', 'Staf Substansi TU', 6, '2023-03-19 22:58:12'),
('2023-03-20', '919860421202003101', 'Roy Widiyanto', '', 'PPNPN', '', 'Staf Substansi TU', 7, '2023-03-20 08:19:50'),
('2023-03-20', '919940910201802101', 'Nurhakim, AMd. Kep', '', 'PPNPN', '', 'Staf Substansi UKLW', 3, '2023-03-20 06:45:46'),
('2023-03-20', '919960419202001201', 'Dias Annisa Rahmah, AMd', '', 'PPNPN', '', 'Staf Substansi UKLW', 3, '2023-03-20 06:43:17'),
('2023-03-21', '197004082002122001', 'dr. Deni Apriani, MM', 'IV/a', 'PNS', 'Pembina', 'Dokter Ahli Muda (JF)', 1, '2023-03-21 13:12:33'),
('2023-03-21', '197009162002122006', 'dr. Adianti Handajani, M.Kes., Sp.KJ.', 'III/b', 'PNS', 'Penata Muda Tingkat 1', 'Staf Substansi UKLW', 2, '2023-03-21 14:52:05'),
('2023-03-21', '197304142000032001', 'Christiany Kusuma Pertiwi, S.Si', 'IV/a', 'PNS', 'Pembina', 'Entomolog Kesehatan Ahli Madya (JF)', 5, '2023-03-21 14:53:06'),
('2023-03-21', '197608292009012003', 'dr. Hendri Hastuti', 'IV/a', 'PNS', 'Pembina', 'Dokter Ahli Muda (JF)', 2, '2023-03-21 14:52:18'),
('2023-03-21', '197904042002122003', 'Ira Ummu Aimanah, SKM, M.Kes', 'III/c', 'PNS', 'Penata', 'Epidemiolog Kesehatan Ahli Muda (JF)', 4, '2023-03-21 14:53:46'),
('2023-03-21', '197905052005011006', 'Maksudi', 'III/d', 'PNS', 'Penata Tingkat 1', 'Perawat Ahli Muda (JF)', 3, '2023-03-21 14:52:30'),
('2023-03-21', '198006042005012004', 'Leily Florentina, AMd. Kep', 'III/c', 'PNS', 'Penata', 'Perawat / Pengelola Keperawatan (JP)', 3, '2023-03-21 14:52:40'),
('2023-03-21', '198811072022031002', 'Candra Kurniawan, A.Md', 'II/c', 'PNS', 'Pengatur', 'Pranata Komputer Terampil (JP)', 6, '2023-03-21 14:53:58'),
('2023-03-21', '199006162012122002', 'Ratih Maharani, SKM', 'III/a', 'PNS', 'Penata Muda', 'Sanitarian Ahli Pertama (JF)', 5, '2023-03-21 14:53:15'),
('2023-03-21', '919761119201005101', 'Budi Setiawan', '', 'PPNPN', '', 'Staf Substansi TU', 7, '2023-03-21 14:54:20'),
('2023-03-21', '919860421202003101', 'Roy Widiyanto', '', 'PPNPN', '', 'Staf Substansi TU', 7, '2023-03-21 14:54:09'),
('2023-03-21', '919930504202002101', 'Rizqi Arief Firmansyah, S.Kom', '', 'PPNPN', '', 'Staf Substansi PKSE', 4, '2023-03-21 14:53:31'),
('2023-03-22', '197407221999032007', 'Yuyung Setiyowati, SKM, MPH', 'IV/a', 'PNS', 'Pembina', 'Sanitarian Ahli Madya (JF)', 5, '2023-03-22 07:30:29'),
('2023-03-22', '197807062009122001', 'dr. Yuli Kristanti', 'III/c', 'PNS', 'Penata', 'Dokter (JP)', 2, '2023-03-22 07:30:11'),
('2023-03-22', '197904212005012001', 'Henik Kartikowati, S.Kep,Ns', 'III/c', 'PNS', 'Penata', 'Perawat / Pengelola Keperawatan (JP)', 3, '2023-03-22 07:29:31'),
('2023-03-22', '198108042011032001', 'dr. Rr. Fitri Budi Sri Sugihartini', 'III/d', 'PNS', 'Penata Tingkat 1', 'Dokter Ahli Muda (JF)', 2, '2023-03-22 07:29:17'),
('2023-03-22', '198311252006042005', 'Fenty Dwi Noviani, SKM', 'III/b', 'PNS', 'Penata Muda Tingkat 1', 'Sanitarian Ahli (JP)', 4, '2023-03-22 07:56:51'),
('2023-03-22', '198708152010121002', 'Andhika Nugraha, SKM., M.KKK', 'III/c', 'PNS', 'Penata', 'Pembimbing Kesehatan Kerja Ahli Muda (JF)', 1, '2023-03-22 07:28:46'),
('2023-03-22', '198804282019022001', 'Ika Rohmawati, SKM', 'III/a', 'PNS', 'Penata Muda', 'Epidemiolog Kesehatan Ahli Pertama (JF)', 4, '2023-03-22 08:24:22'),
('2023-03-22', '919761119201005101', 'Budi Setiawan', '', 'PPNPN', '', 'Staf Substansi TU', 7, '2023-03-22 08:25:10'),
('2023-03-22', '919900920202006101', 'Didik Aman Wahyudi, S.Kep, Ns', '', 'PPNPN', '', 'Staf Substansi UKLW', 3, '2023-03-22 07:30:21'),
('2023-03-22', '919910905201601201', 'Septia Anggraini, AMd. KL', '', 'PPNPN', '', 'Staf Substansi PRL', 5, '2023-03-22 07:29:47'),
('2023-03-22', '919950425201802101', 'Miftahul Huda', '', 'PPNPN', '', 'Staf Substansi TU', 7, '2023-03-22 07:29:57'),
('2023-03-22', '919980224202203101', 'Bagas Permadi', '', 'PPNPN', '', 'Staf Substansi TU', 6, '2023-03-22 07:31:01'),
('2023-03-23', '', '', '', '', '', '', 7, '2023-03-23 21:06:05'),
('2023-03-23', '196604021991031004', 'Suminto, SH, M.Si', 'III/d', 'PNS', 'Penata Tingkat 1', 'Arsiparis Ahli Muda (JF)', 6, '2023-03-23 07:22:09'),
('2023-03-23', '198006042005012004', 'Leily Florentina, AMd. Kep', 'III/c', 'PNS', 'Penata', 'Perawat / Pengelola Keperawatan (JP)', 3, '2023-03-23 20:58:58'),
('2023-03-23', '198006072006042006', 'dr. Eni Wahyuni', 'IV/b', 'PNS', 'Pembina Tingkat 1', 'Dokter Ahli Madya (JF)', 2, '2023-03-23 20:56:52'),
('2023-03-23', '198007142014122002', 'dr. Maedy Christiyani Bawolje', 'III/c', 'PNS', 'Penata', 'Dokter (JP)', 2, '2023-03-23 20:57:41'),
('2023-03-23', '198210022005012003', 'Agata Mirna Sari, Amd.Kep', 'III/a', 'PNS', 'Penata Muda', 'Perawat Mahir (JF)', 3, '2023-03-23 20:58:19'),
('2023-03-23', '198305252009122001', 'dr. Retno Widyastuti, MKM', 'III/d', 'PNS', 'Penata Tingkat 1', 'Epidemiolog Kesehatan Ahli Muda (JF)', 4, '2023-03-23 20:59:37'),
('2023-03-23', '198502202008122003', 'Yanita Setyaningrum, SKM, M.Kes', 'III/d', 'PNS', 'Penata Tingkat 1', 'Perencana Ahli Muda (JF)', 1, '2023-03-23 20:55:39'),
('2023-03-23', '199101062012122002', 'Fawandi Eta Rachmawati, SKM', 'III/a', 'PNS', 'Penata Muda', 'Sanitarian Ahli Pertama (JF)', 0, '2023-03-23 21:00:56'),
('2023-03-23', '199508092019021001', 'Dirga Maulidan, SKM', 'III/a', 'PNS', 'Penata Muda', 'Entomolog Kesehatan Ahli Pertama (JF)', 5, '2023-03-23 21:04:55'),
('2023-03-23', '919800811202006101', 'Gatut Susanto', '', 'PPNPN', '', 'Staf Substansi TU', 7, '2023-03-23 21:05:47'),
('2023-03-23', '919930504202002101', 'Rizqi Arief Firmansyah, S.Kom', '', 'PPNPN', '', 'Staf Substansi PKSE', 4, '2023-03-23 21:00:37'),
('2023-03-24', '196607291988032001', 'Yuli Suharianingtyas, SKM', 'IV/a', 'PNS', 'Pembina', 'Sanitarian Ahli Madya (JF)', 5, '2023-03-24 17:53:53'),
('2023-03-24', '196907231989032001', 'Ida Nurhandayani, SKM', 'IV/a', 'PNS', 'Pembina', 'Epidemiolog Kesehatan Ahli Madya (JF)', 4, '2023-03-24 17:51:45'),
('2023-03-24', '197003301991031002', 'Pudjo Suwanto, SKM, M.Kes', 'IV/a', 'PNS', 'Pembina', 'Entomolog Kesehatan Ahli Muda (JF)', 1, '2023-03-24 17:50:21'),
('2023-03-24', '197109192001122006', 'dr. Diah Wahju Tjahjana', 'IV/c', 'PNS', 'Pembina Utama Muda', 'Dokter Ahli Madya (JF)', 2, '2023-03-24 17:51:03'),
('2023-03-24', '197603302006042001', 'dr. Lulut Kusumawati, Sp.PK', 'III/c', 'PNS', 'Penata', 'Staf Substansi UKLW', 2, '2023-03-24 17:52:53'),
('2023-03-24', '197905052005011006', 'Maksudi', 'III/d', 'PNS', 'Penata Tingkat 1', 'Perawat Ahli Muda (JF)', 3, '2023-03-24 17:51:29'),
('2023-03-24', '919761119201005101', 'Budi Setiawan', '', 'PPNPN', '', 'Staf Substansi TU', 7, '2023-03-24 17:54:31'),
('2023-03-24', '919811110200904101', 'Bayu Indar Nirwanto', '', 'PPNPN', '', 'Staf Substansi TU', 6, '2023-03-24 17:54:52'),
('2023-03-24', '919881110202001101', 'Mustakim', '', 'PPNPN', '', 'Staf Substansi TU', 7, '2023-03-24 17:52:36'),
('2023-03-24', '919900920202006101', 'Didik Aman Wahyudi, S.Kep, Ns', '', 'PPNPN', '', 'Staf Substansi UKLW', 3, '2023-03-24 17:53:37'),
('2023-03-24', '919930504202002101', 'Rizqi Arief Firmansyah, S.Kom', '', 'PPNPN', '', 'Staf Substansi PKSE', 4, '2023-03-24 17:54:13'),
('2023-03-24', '919980827202101101', 'Audrey Abdilah Rusdianto', '', 'PPNPN', '', 'Staf Substansi PRL', 5, '2023-03-24 17:52:12'),
('2023-03-27', '196604021991031004', 'Suminto, SH, M.Si', 'III/d', 'PNS', 'Penata Tingkat 1', 'Arsiparis Ahli Muda (JF)', 6, '2023-03-27 20:53:43'),
('2023-03-27', '196907231989032001', 'Ida Nurhandayani, SKM', 'IV/a', 'PNS', 'Pembina', 'Epidemiolog Kesehatan Ahli Madya (JF)', 4, '2023-03-27 13:28:49'),
('2023-03-27', '197304142000032001', 'Christiany Kusuma Pertiwi, S.Si', 'IV/a', 'PNS', 'Pembina', 'Entomolog Kesehatan Ahli Madya (JF)', 5, '2023-03-27 13:29:52'),
('2023-03-27', '197905052005011006', 'Maksudi', 'III/d', 'PNS', 'Penata Tingkat 1', 'Perawat Ahli Muda (JF)', 3, '2023-03-27 13:28:26'),
('2023-03-27', '198006072006042006', 'dr. Eni Wahyuni', 'IV/b', 'PNS', 'Pembina Tingkat 1', 'Dokter Ahli Madya (JF)', 2, '2023-03-27 13:21:01'),
('2023-03-27', '198109142005012001', 'Suhartatik, SKM, M.Kes', 'III/c', 'PNS', 'Penata', 'Epidemiolog Kesehatan Ahli Muda (JF)', 4, '2023-03-27 13:29:28'),
('2023-03-27', '198210022005012003', 'Agata Mirna Sari, Amd.Kep', 'III/a', 'PNS', 'Penata Muda', 'Perawat Mahir (JF)', 3, '2023-03-27 13:26:56'),
('2023-03-27', '198708152010121002', 'Andhika Nugraha, SKM., M.KKK', 'III/c', 'PNS', 'Penata', 'Pembimbing Kesehatan Kerja Ahli Muda (JF)', 1, '2023-03-27 13:20:24'),
('2023-03-27', '919881110202001101', 'Mustakim', '', 'PPNPN', '', 'Staf Substansi TU', 7, '2023-03-27 20:57:53'),
('2023-03-27', '919950425201802101', 'Miftahul Huda', '', 'PPNPN', '', 'Staf Substansi TU', 7, '2023-03-27 20:57:01'),
('2023-03-27', '919980827202101101', 'Audrey Abdilah Rusdianto', '', 'PPNPN', '', 'Staf Substansi PRL', 5, '2023-03-27 20:53:27'),
('2023-03-28', '197105052014122001', 'dr. Ririn Puspitasari, MM', 'III/c', 'PNS', 'Penata', 'Epidemiolog Kesehatan Ahli Muda (JF)', 1, '2023-03-29 05:04:03'),
('2023-03-28', '197109192001122006', 'dr. Diah Wahju Tjahjana', 'IV/c', 'PNS', 'Pembina Utama Muda', 'Dokter Ahli Madya (JF)', 2, '2023-03-29 05:05:23'),
('2023-03-28', '197305181994031002', 'Akhmad Imron, SKM,M.KKK', 'IV/a', 'PNS', 'Pembina', 'Epidemiolog Kesehatan Ahli Muda (JF)', 4, '2023-03-29 05:06:27'),
('2023-03-28', '197904212005012001', 'Henik Kartikowati, S.Kep,Ns', 'III/c', 'PNS', 'Penata', 'Perawat / Pengelola Keperawatan (JP)', 3, '2023-03-29 05:05:36'),
('2023-03-28', '198009102008122001', 'Puspita Tri Mutiarani, S.KM', 'III/a', 'PNS', 'Penata Muda', 'Sanitarian Ahli Pertama (JF)', 5, '2023-03-29 05:04:57'),
('2023-03-28', '198804282019022001', 'Ika Rohmawati, SKM', 'III/a', 'PNS', 'Penata Muda', 'Epidemiolog Kesehatan Ahli Pertama (JF)', 4, '2023-03-29 05:06:46'),
('2023-03-28', '199101062012122002', 'Fawandi Eta Rachmawati, SKM', 'III/a', 'PNS', 'Penata Muda', 'Sanitarian Ahli Pertama (JF)', 5, '2023-03-29 05:06:55'),
('2023-03-28', '199209232022031001', 'Yogi Harsa Pradana, S.E', 'III/a', 'PNS', 'Penata Muda', 'Analis Pengelolaan Keuangan APBN Ahli Pertama (JP)', 6, '2023-03-29 05:03:32'),
('2023-03-28', '919800811202006101', 'Gatut Susanto', '', 'PPNPN', '', 'Staf Substansi TU', 7, '2023-03-29 05:05:09'),
('2023-03-28', '919860617201301101', 'Iwan Santoso', '', 'PPNPN', '', 'Staf Substansi TU', 7, '2023-03-29 05:07:12'),
('2023-03-28', '919900920202006101', 'Didik Aman Wahyudi, S.Kep, Ns', '', 'PPNPN', '', 'Staf Substansi UKLW', 3, '2023-03-29 05:04:45'),
('2023-03-29', '197004082002122001', 'dr. Deni Apriani, MM', 'IV/a', 'PNS', 'Pembina', 'Dokter Ahli Muda (JF)', 1, '2023-03-29 10:54:34'),
('2023-03-29', '198006042005012004', 'Leily Florentina, AMd. Kep', 'III/c', 'PNS', 'Penata', 'Perawat / Pengelola Keperawatan (JP)', 3, '2023-03-29 16:07:27'),
('2023-03-29', '198007142014122002', 'dr. Maedy Christiyani Bawolje', 'III/c', 'PNS', 'Penata', 'Dokter (JP)', 2, '2023-03-29 10:54:44'),
('2023-03-29', '198108042011032001', 'dr. Rr. Fitri Budi Sri Sugihartini', 'III/d', 'PNS', 'Penata Tingkat 1', 'Dokter Ahli Muda (JF)', 2, '2023-03-29 10:54:55'),
('2023-03-29', '198109142005012001', 'Suhartatik, SKM, M.Kes', 'III/c', 'PNS', 'Penata', 'Epidemiolog Kesehatan Ahli Muda (JF)', 4, '2023-03-29 10:55:32'),
('2023-03-29', '198305252009122001', 'dr. Retno Widyastuti, MKM', 'III/d', 'PNS', 'Penata Tingkat 1', 'Epidemiolog Kesehatan Ahli Muda (JF)', 4, '2023-03-29 10:55:18'),
('2023-03-29', '199006162012122002', 'Ratih Maharani, SKM', 'III/a', 'PNS', 'Penata Muda', 'Sanitarian Ahli Pertama (JF)', 5, '2023-03-29 10:55:43'),
('2023-03-29', '919761119201005101', 'Budi Setiawan', '', 'PPNPN', '', 'Staf Substansi TU', 7, '2023-03-29 10:56:44'),
('2023-03-29', '919800811202006101', 'Gatut Susanto', '', 'PPNPN', '', 'Staf Substansi TU', 7, '2023-03-29 10:56:35'),
('2023-03-29', '919830218201101101', 'Rahmad Fauzi', '', 'PPNPN', '', 'Staf Substansi TU', 6, '2023-03-29 10:56:23'),
('2023-03-29', '919900920202006101', 'Didik Aman Wahyudi, S.Kep, Ns', '', 'PPNPN', '', 'Staf Substansi UKLW', 3, '2023-03-29 10:55:05'),
('2023-03-29', '919910905201601201', 'Septia Anggraini, AMd. KL', '', 'PPNPN', '', 'Staf Substansi PRL', 5, '2023-03-29 10:56:12'),
('2023-03-30', '196607291988032001', 'Yuli Suharianingtyas, SKM', 'IV/a', 'PNS', 'Pembina', 'Sanitarian Ahli Madya (JF)', 5, '2023-03-30 08:11:55'),
('2023-03-30', '197003301991031002', 'Pudjo Suwanto, SKM, M.Kes', 'IV/a', 'PNS', 'Pembina', 'Entomolog Kesehatan Ahli Muda (JF)', 1, '2023-03-30 08:09:47'),
('2023-03-30', '197305181994031002', 'Akhmad Imron, SKM,M.KKK', 'IV/a', 'PNS', 'Pembina', 'Epidemiolog Kesehatan Ahli Muda (JF)', 4, '2023-03-30 08:11:16'),
('2023-03-30', '197608292009012003', 'dr. Hendri Hastuti', 'IV/a', 'PNS', 'Pembina', 'Dokter Ahli Muda (JF)', 2, '2023-03-30 08:10:05'),
('2023-03-30', '197611182005012002', 'Binti Wachidatin, S.Kep, Ners', 'III/c', 'PNS', 'Penata', 'Perawat Ahli Pertama (JF)', 3, '2023-03-30 08:10:46'),
('2023-03-30', '197807062009122001', 'dr. Yuli Kristanti', 'III/c', 'PNS', 'Penata', 'Dokter (JP)', 2, '2023-03-30 08:10:33'),
('2023-03-30', '198008082005012005', 'Aryanti, S.Kep, Ns', 'III/d', 'PNS', 'Penata Tingkat 1', 'Perawat Ahli Muda (JF)', 3, '2023-03-30 08:11:00'),
('2023-03-30', '198804282019022001', 'Ika Rohmawati, SKM', 'III/a', 'PNS', 'Penata Muda', 'Epidemiolog Kesehatan Ahli Pertama (JF)', 4, '2023-03-30 08:11:32'),
('2023-03-30', '919800811202006101', 'Gatut Susanto', '', 'PPNPN', '', 'Staf Substansi TU', 7, '2023-03-30 08:12:33'),
('2023-03-30', '919860421202003101', 'Roy Widiyanto', '', 'PPNPN', '', 'Staf Substansi TU', 7, '2023-03-30 08:12:45'),
('2023-03-30', '919920923201802101', 'Septian Maulana Rakhmad, S.Kom', '', 'PPNPN', '', 'Staf Substansi TU', 6, '2023-03-30 08:12:12'),
('2023-03-30', '919980827202101101', 'Audrey Abdilah Rusdianto', '', 'PPNPN', '', 'Staf Substansi PRL', 5, '2023-03-30 08:11:44'),
('2023-03-31', '197304142000032001', 'Christiany Kusuma Pertiwi, S.Si', 'IV/a', 'PNS', 'Pembina', 'Entomolog Kesehatan Ahli Madya (JF)', 5, '2023-03-31 17:27:44'),
('2023-03-31', '197407221999032007', 'Yuyung Setiyowati, SKM, MPH', 'IV/a', 'PNS', 'Pembina', 'Sanitarian Ahli Madya (JF)', 5, '2023-03-31 17:26:37'),
('2023-03-31', '197901292008121002', 'Siswanto, ST, M.Epid', 'III/c', 'PNS', 'Penata', 'Sanitarian Ahli Muda (JF)', 1, '2023-03-31 17:24:58'),
('2023-03-31', '197905052005011006', 'Maksudi', 'III/d', 'PNS', 'Penata Tingkat 1', 'Perawat Ahli Muda (JF)', 3, '2023-03-31 17:27:06'),
('2023-03-31', '198006072006042006', 'dr. Eni Wahyuni', 'IV/b', 'PNS', 'Pembina Tingkat 1', 'Dokter Ahli Madya (JF)', 2, '2023-03-31 17:26:55'),
('2023-03-31', '198109142005012001', 'Suhartatik, SKM, M.Kes', 'III/c', 'PNS', 'Penata', 'Epidemiolog Kesehatan Ahli Muda (JF)', 4, '2023-03-31 17:27:31'),
('2023-03-31', '198408172007122001', 'Zulfa Auliyati Agustina, SKM', 'III/c', 'PNS', 'Penata', 'Epidemiolog Kesehatan Ahli Muda (JF)', 4, '2023-03-31 17:26:17'),
('2023-03-31', '198506142015032007', 'dr. Yuliana Tanaya', 'III/c', 'PNS', 'Penata', 'Dokter (JP)', 2, '2023-03-31 17:25:27'),
('2023-03-31', '919800811202006101', 'Gatut Susanto', '', 'PPNPN', '', 'Staf Substansi TU', 7, '2023-03-31 17:28:14'),
('2023-03-31', '919811110200904101', 'Bayu Indar Nirwanto', '', 'PPNPN', '', 'Staf Substansi TU', 6, '2023-03-31 17:28:03'),
('2023-03-31', '919881110202001101', 'Mustakim', '', 'PPNPN', '', 'Staf Substansi TU', 7, '2023-03-31 17:28:25'),
('2023-03-31', '919900920202006101', 'Didik Aman Wahyudi, S.Kep, Ns', '', 'PPNPN', '', 'Staf Substansi UKLW', 3, '2023-03-31 17:25:55'),
('2023-04-03', '196607291988032001', 'Yuli Suharianingtyas, SKM', 'IV/a', 'PNS', 'Pembina', 'Sanitarian Ahli Madya (JF)', 5, '2023-04-04 08:32:41'),
('2023-04-03', '197603302006042001', 'dr. Lulut Kusumawati, Sp.PK', 'III/c', 'PNS', 'Penata', 'Staf Substansi UKLW', 2, '2023-04-04 08:31:27'),
('2023-04-03', '197807062009122001', 'dr. Yuli Kristanti', 'III/c', 'PNS', 'Penata', 'Dokter (JP)', 2, '2023-04-04 08:31:15'),
('2023-04-03', '197903112003122003', 'Devika Martyawati, SKM,M.Kes', 'IV/a', 'PNS', 'Pembina', 'Epidemiolog Kesehatan Ahli Muda (JF)', 1, '2023-04-04 08:30:56'),
('2023-04-03', '197905052005011006', 'Maksudi', 'III/d', 'PNS', 'Penata Tingkat 1', 'Perawat Ahli Muda (JF)', 3, '2023-04-04 08:31:37'),
('2023-04-03', '198109142005012001', 'Suhartatik, SKM, M.Kes', 'III/c', 'PNS', 'Penata', 'Epidemiolog Kesehatan Ahli Muda (JF)', 4, '2023-04-04 08:31:56'),
('2023-04-03', '199508092019021001', 'Dirga Maulidan, SKM', 'III/a', 'PNS', 'Penata Muda', 'Entomolog Kesehatan Ahli Pertama (JF)', 5, '2023-04-04 08:32:51'),
('2023-04-03', '919860421202003101', 'Roy Widiyanto', '', 'PPNPN', '', 'Staf Substansi TU', 7, '2023-04-04 08:33:11'),
('2023-04-03', '919930504202002101', 'Rizqi Arief Firmansyah, S.Kom', '', 'PPNPN', '', 'Staf Substansi PKSE', 4, '2023-05-03 12:19:27'),
('2023-04-03', '919940910201802101', 'Nurhakim, AMd. Kep', '', 'PPNPN', '', 'Staf Substansi UKLW', 3, '2023-04-04 08:31:44'),
('2023-04-03', '919950425201802101', 'Miftahul Huda', '', 'PPNPN', '', 'Staf Substansi TU', 7, '2023-04-04 08:33:26'),
('2023-04-04', '197004082002122001', 'dr. Deni Apriani, MM', 'IV/a', 'PNS', 'Pembina', 'Dokter Ahli Muda (JF)', 1, '2023-04-04 08:26:20'),
('2023-04-04', '197911182006042001', 'Nunki Nirmalasari, ST', 'III/d', 'PNS', 'Penata Tingkat 1', 'Sanitarian Ahli Muda (JF)', 5, '2023-04-04 08:27:55'),
('2023-04-04', '198108042011032001', 'dr. Rr. Fitri Budi Sri Sugihartini', 'III/d', 'PNS', 'Penata Tingkat 1', 'Dokter Ahli Muda (JF)', 2, '2023-04-04 08:26:45'),
('2023-04-04', '198408172007122001', 'Zulfa Auliyati Agustina, SKM', 'III/c', 'PNS', 'Penata', 'Epidemiolog Kesehatan Ahli Muda (JF)', 4, '2023-04-04 08:27:26'),
('2023-04-04', '198506142015032007', 'dr. Yuliana Tanaya', 'III/c', 'PNS', 'Penata', 'Dokter (JP)', 2, '2023-04-04 08:26:34'),
('2023-04-04', '198804282019022001', 'Ika Rohmawati, SKM', 'III/a', 'PNS', 'Penata Muda', 'Epidemiolog Kesehatan Ahli Pertama (JF)', 4, '2023-04-04 08:27:36'),
('2023-04-04', '199006162012122002', 'Ratih Maharani, SKM', 'III/a', 'PNS', 'Penata Muda', 'Sanitarian Ahli Pertama (JF)', 5, '2023-04-04 08:27:45'),
('2023-04-04', '919761119201005101', 'Budi Setiawan', '', 'PPNPN', '', 'Staf Substansi TU', 7, '2023-04-04 08:28:23'),
('2023-04-04', '919860617201301101', 'Iwan Santoso', '', 'PPNPN', '', 'Staf Substansi TU', 7, '2023-04-04 08:28:41'),
('2023-04-04', '919900920202006101', 'Didik Aman Wahyudi, S.Kep, Ns', '', 'PPNPN', '', 'Staf Substansi UKLW', 3, '2023-04-04 08:27:00'),
('2023-04-04', '919920503201601201', 'Putrie Nurlina Permatasari, AMd. Kep', '', 'PPNPN', '', 'Staf Substansi UKLW', 3, '2023-04-04 08:27:12'),
('2023-04-05', '197003301991031002', 'Pudjo Suwanto, SKM, M.Kes', 'IV/a', 'PNS', 'Pembina', 'Entomolog Kesehatan Ahli Muda (JF)', 1, '2023-04-05 17:47:36'),
('2023-04-05', '197109192001122006', 'dr. Diah Wahju Tjahjana', 'IV/c', 'PNS', 'Pembina Utama Muda', 'Dokter Ahli Madya (JF)', 2, '2023-04-05 17:47:52'),
('2023-04-05', '197304142000032001', 'Christiany Kusuma Pertiwi, S.Si', 'IV/a', 'PNS', 'Pembina', 'Entomolog Kesehatan Ahli Madya (JF)', 5, '2023-04-05 17:49:29'),
('2023-04-05', '197305181994031002', 'Akhmad Imron, SKM,M.KKK', 'IV/a', 'PNS', 'Pembina', 'Epidemiolog Kesehatan Ahli Muda (JF)', 4, '2023-04-05 17:48:53'),
('2023-04-05', '197310162003122001', 'dr. Suci Wulansari Sp.KFR', 'III/d', 'PNS', 'Penata Tingkat 1', 'Staf Substansi UKLW', 2, '2023-04-05 17:48:05'),
('2023-04-05', '197904042002122003', 'Ira Ummu Aimanah, SKM, M.Kes', 'III/c', 'PNS', 'Penata', 'Epidemiolog Kesehatan Ahli Muda (JF)', 4, '2023-04-05 17:49:00'),
('2023-04-05', '197904212005012001', 'Henik Kartikowati, S.Kep,Ns', 'III/c', 'PNS', 'Penata', 'Perawat / Pengelola Keperawatan (JP)', 3, '2023-04-05 17:48:20'),
('2023-04-05', '198006042005012004', 'Leily Florentina, AMd. Kep', 'III/c', 'PNS', 'Penata', 'Perawat / Pengelola Keperawatan (JP)', 3, '2023-04-05 17:48:30'),
('2023-04-05', '919800811202006101', 'Gatut Susanto', '', 'PPNPN', '', 'Staf Substansi TU', 7, '2023-04-05 17:49:44'),
('2023-04-05', '919881110202001101', 'Mustakim', '', 'PPNPN', '', 'Staf Substansi TU', 7, '2023-04-05 17:49:52'),
('2023-04-05', '919910905201601201', 'Septia Anggraini, AMd. KL', '', 'PPNPN', '', 'Staf Substansi PRL', 5, '2023-04-05 17:49:19'),
('2023-04-06', '196907231989032001', 'Ida Nurhandayani, SKM', 'IV/a', 'PNS', 'Pembina', 'Epidemiolog Kesehatan Ahli Madya (JF)', 4, '2023-04-06 17:10:22'),
('2023-04-06', '197407221999032007', 'Yuyung Setiyowati, SKM, MPH', 'IV/a', 'PNS', 'Pembina', 'Sanitarian Ahli Madya (JF)', 5, '2023-04-06 17:10:33'),
('2023-04-06', '197608292009012003', 'dr. Hendri Hastuti', 'IV/a', 'PNS', 'Pembina', 'Dokter Ahli Muda (JF)', 2, '2023-04-06 17:08:29'),
('2023-04-06', '197611182005012002', 'Binti Wachidatin, S.Kep, Ners', 'III/c', 'PNS', 'Penata', 'Perawat Ahli Pertama (JF)', 3, '2023-04-06 17:10:06'),
('2023-04-06', '198006072006042006', 'dr. Eni Wahyuni', 'IV/b', 'PNS', 'Pembina Tingkat 1', 'Dokter Ahli Madya (JF)', 2, '2023-04-06 17:09:57'),
('2023-04-06', '198008082005012005', 'Aryanti, S.Kep, Ns', 'III/d', 'PNS', 'Penata Tingkat 1', 'Perawat Ahli Muda (JF)', 3, '2023-04-06 17:08:44'),
('2023-04-06', '198305252009122001', 'dr. Retno Widyastuti, MKM', 'III/d', 'PNS', 'Penata Tingkat 1', 'Epidemiolog Kesehatan Ahli Muda (JF)', 4, '2023-04-06 17:08:59'),
('2023-04-06', '198502202008122003', 'Yanita Setyaningrum, SKM, M.Kes', 'III/d', 'PNS', 'Penata Tingkat 1', 'Perencana Ahli Muda (JF)', 1, '2023-04-06 17:08:05'),
('2023-04-06', '919860421202003101', 'Roy Widiyanto', '', 'PPNPN', '', 'Staf Substansi TU', 7, '2023-04-06 17:10:49'),
('2023-04-06', '919950425201802101', 'Miftahul Huda', '', 'PPNPN', '', 'Staf Substansi TU', 7, '2023-04-06 17:11:00'),
('2023-04-06', '919980827202101101', 'Audrey Abdilah Rusdianto', '', 'PPNPN', '', 'Staf Substansi PRL', 5, '2023-04-06 17:09:16'),
('2023-04-10', '197603302006042001', 'dr. Lulut Kusumawati, Sp.PK', 'III/c', 'PNS', 'Penata', 'Staf Substansi UKLW', 2, '2023-04-10 08:48:06'),
('2023-04-10', '197901292008121002', 'Siswanto, ST, M.Epid', 'III/c', 'PNS', 'Penata', 'Sanitarian Ahli Muda (JF)', 1, '2023-04-10 08:47:37'),
('2023-04-10', '197904042002122003', 'Ira Ummu Aimanah, SKM, M.Kes', 'III/c', 'PNS', 'Penata', 'Epidemiolog Kesehatan Ahli Muda (JF)', 4, '2023-04-10 08:48:42'),
('2023-04-10', '197904212005012001', 'Henik Kartikowati, S.Kep,Ns', 'III/c', 'PNS', 'Penata', 'Perawat / Pengelola Keperawatan (JP)', 3, '2023-04-10 08:48:27'),
('2023-04-10', '198006072006042006', 'dr. Eni Wahyuni', 'IV/b', 'PNS', 'Pembina Tingkat 1', 'Dokter Ahli Madya (JF)', 2, '2023-04-10 08:47:57'),
('2023-04-10', '198009102008122001', 'Puspita Tri Mutiarani, S.KM', 'III/a', 'PNS', 'Penata Muda', 'Sanitarian Ahli Pertama (JF)', 5, '2023-04-10 08:49:13'),
('2023-04-10', '198311252006042005', 'Fenty Dwi Noviani, SKM', 'III/b', 'PNS', 'Penata Muda Tingkat 1', 'Sanitarian Ahli (JP)', 4, '2023-04-10 08:48:53'),
('2023-04-10', '199508092019021001', 'Dirga Maulidan, SKM', 'III/a', 'PNS', 'Penata Muda', 'Entomolog Kesehatan Ahli Pertama (JF)', 5, '2023-04-10 08:49:27'),
('2023-04-10', '919761119201005101', 'Budi Setiawan', '', 'PPNPN', '', 'Staf Substansi TU', 7, '2023-04-10 08:50:49'),
('2023-04-10', '919860617201301101', 'Iwan Santoso', '', 'PPNPN', '', 'Staf Substansi TU', 7, '2023-04-10 08:49:55'),
('2023-04-10', '919960419202001201', 'Dias Annisa Rahmah, AMd', '', 'PPNPN', '', 'Staf Substansi UKLW', 3, '2023-04-10 08:48:18'),
('2023-04-10', '919980224202203101', 'Bagas Permadi', '', 'PPNPN', '', 'Staf Substansi TU', 6, '2023-04-10 08:49:39'),
('2023-04-11', '196604021991031004', 'Suminto, SH, M.Si', 'III/d', 'PNS', 'Penata Tingkat 1', 'Arsiparis Ahli Muda (JF)', 6, '2023-04-11 09:28:18'),
('2023-04-11', '196907231989032001', 'Ida Nurhandayani, SKM', 'IV/a', 'PNS', 'Pembina', 'Epidemiolog Kesehatan Ahli Madya (JF)', 4, '2023-04-11 09:25:40'),
('2023-04-11', '197009162002122006', 'dr. Adianti Handajani, M.Kes., Sp.KJ.', 'III/b', 'PNS', 'Penata Muda Tingkat 1', 'Staf Substansi UKLW', 2, '2023-04-11 09:23:53'),
('2023-04-11', '197105052014122001', 'dr. Ririn Puspitasari, MM', 'III/c', 'PNS', 'Penata', 'Epidemiolog Kesehatan Ahli Muda (JF)', 1, '2023-04-11 09:23:07'),
('2023-04-11', '197304142000032001', 'Christiany Kusuma Pertiwi, S.Si', 'IV/a', 'PNS', 'Pembina', 'Entomolog Kesehatan Ahli Madya (JF)', 5, '2023-04-11 09:26:47'),
('2023-04-11', '197305181994031002', 'Akhmad Imron, SKM,M.KKK', 'IV/a', 'PNS', 'Pembina', 'Epidemiolog Kesehatan Ahli Muda (JF)', 4, '2023-04-11 09:26:02'),
('2023-04-11', '198006042005012004', 'Leily Florentina, AMd. Kep', 'III/c', 'PNS', 'Penata', 'Perawat / Pengelola Keperawatan (JP)', 3, '2023-04-11 09:27:30'),
('2023-04-11', '198007142014122002', 'dr. Maedy Christiyani Bawolje', 'III/c', 'PNS', 'Penata', 'Dokter (JP)', 2, '2023-04-11 09:24:29'),
('2023-04-11', '199101062012122002', 'Fawandi Eta Rachmawati, SKM', 'III/a', 'PNS', 'Penata Muda', 'Sanitarian Ahli Pertama (JF)', 5, '2023-04-11 09:27:09'),
('2023-04-11', '919881110202001101', 'Mustakim', '', 'PPNPN', '', 'Staf Substansi TU', 7, '2023-04-11 09:28:56'),
('2023-04-11', '919921026201401201', 'Okky Oktavia Pontororing, AMd. Kep', '', 'PPNPN', '', 'Staf Substansi UKLW', 3, '2023-04-11 09:27:49'),
('2023-04-11', '919950425201802101', 'Miftahul Huda', '', 'PPNPN', '', 'Staf Substansi TU', 7, '2023-04-11 09:29:32'),
('2023-04-12', '197407221999032007', 'Yuyung Setiyowati, SKM, MPH', 'IV/a', 'PNS', 'Pembina', 'Sanitarian Ahli Madya (JF)', 5, '2023-04-12 11:30:45'),
('2023-04-12', '197608292009012003', 'dr. Hendri Hastuti', 'IV/a', 'PNS', 'Pembina', 'Dokter Ahli Muda (JF)', 2, '2023-04-12 11:29:55'),
('2023-04-12', '198008082005012005', 'Aryanti, S.Kep, Ns', 'III/d', 'PNS', 'Penata Tingkat 1', 'Perawat Ahli Muda (JF)', 3, '2023-04-12 11:30:04'),
('2023-04-12', '198109142005012001', 'Suhartatik, SKM, M.Kes', 'III/c', 'PNS', 'Penata', 'Epidemiolog Kesehatan Ahli Muda (JF)', 4, '2023-04-12 11:30:27'),
('2023-04-12', '198506142015032007', 'dr. Yuliana Tanaya', 'III/c', 'PNS', 'Penata', 'Dokter (JP)', 2, '2023-04-12 11:29:47'),
('2023-04-12', '198708152010121002', 'Andhika Nugraha, SKM., M.KKK', 'III/c', 'PNS', 'Penata', 'Pembimbing Kesehatan Kerja Ahli Muda (JF)', 1, '2023-04-12 11:29:28'),
('2023-04-12', '198804282019022001', 'Ika Rohmawati, SKM', 'III/a', 'PNS', 'Penata Muda', 'Epidemiolog Kesehatan Ahli Pertama (JF)', 4, '2023-04-12 11:30:37'),
('2023-04-12', '919800811202006101', 'Gatut Susanto', '', 'PPNPN', '', 'Staf Substansi TU', 7, '2023-04-12 11:31:15'),
('2023-04-12', '919830218201101101', 'Rahmad Fauzi', '', 'PPNPN', '', 'Staf Substansi TU', 6, '2023-04-12 11:31:07'),
('2023-04-12', '919881110202001101', 'Mustakim', '', 'PPNPN', '', 'Staf Substansi TU', 7, '2023-04-12 11:31:24'),
('2023-04-12', '919910905201601201', 'Septia Anggraini, AMd. KL', '', 'PPNPN', '', 'Staf Substansi PRL', 5, '2023-04-12 11:30:56'),
('2023-04-12', '919940910201802101', 'Nurhakim, AMd. Kep', '', 'PPNPN', '', 'Staf Substansi UKLW', 3, '2023-04-12 11:30:16'),
('2023-04-13', '197904212005012001', 'Henik Kartikowati, S.Kep,Ns', 'III/c', 'PNS', 'Penata', 'Perawat / Pengelola Keperawatan (JP)', 3, '2023-04-13 11:15:32'),
('2023-04-13', '198006072006042006', 'dr. Eni Wahyuni', 'IV/b', 'PNS', 'Pembina Tingkat 1', 'Dokter Ahli Madya (JF)', 2, '2023-04-13 11:15:05'),
('2023-04-13', '198009102008122001', 'Puspita Tri Mutiarani, S.KM', 'III/a', 'PNS', 'Penata Muda', 'Sanitarian Ahli Pertama (JF)', 5, '2023-04-13 11:22:40'),
('2023-04-13', '198108042011032001', 'dr. Rr. Fitri Budi Sri Sugihartini', 'III/d', 'PNS', 'Penata Tingkat 1', 'Dokter Ahli Muda (JF)', 2, '2023-04-13 11:14:56'),
('2023-04-13', '198210022005012003', 'Agata Mirna Sari, Amd.Kep', 'III/a', 'PNS', 'Penata Muda', 'Perawat Mahir (JF)', 3, '2023-04-13 11:15:56'),
('2023-04-13', '198311252006042005', 'Fenty Dwi Noviani, SKM', 'III/b', 'PNS', 'Penata Muda Tingkat 1', 'Sanitarian Ahli (JP)', 4, '2023-04-13 11:16:21'),
('2023-04-13', '198408172007122001', 'Zulfa Auliyati Agustina, SKM', 'III/c', 'PNS', 'Penata', 'Epidemiolog Kesehatan Ahli Muda (JF)', 4, '2023-04-13 11:16:30'),
('2023-04-13', '198502202008122003', 'Yanita Setyaningrum, SKM, M.Kes', 'III/d', 'PNS', 'Penata Tingkat 1', 'Perencana Ahli Muda (JF)', 1, '2023-04-13 11:14:48'),
('2023-04-13', '199006162012122002', 'Ratih Maharani, SKM', 'III/a', 'PNS', 'Penata Muda', 'Sanitarian Ahli Pertama (JF)', 5, '2023-04-13 11:22:26'),
('2023-04-13', '919761119201005101', 'Budi Setiawan', '', 'PPNPN', '', 'Staf Substansi TU', 7, '2023-04-13 11:23:02'),
('2023-04-13', '919860421202003101', 'Roy Widiyanto', '', 'PPNPN', '', 'Staf Substansi TU', 7, '2023-04-13 11:23:11'),
('2023-04-13', '919920923201802101', 'Septian Maulana Rakhmad, S.Kom', '', 'PPNPN', '', 'Staf Substansi TU', 6, '2023-04-13 11:22:53'),
('2023-04-14', '196907231989032001', 'Ida Nurhandayani, SKM', 'IV/a', 'PNS', 'Pembina', 'Epidemiolog Kesehatan Ahli Madya (JF)', 4, '2023-04-14 11:45:48'),
('2023-04-14', '197109192001122006', 'dr. Diah Wahju Tjahjana', 'IV/c', 'PNS', 'Pembina Utama Muda', 'Dokter Ahli Madya (JF)', 2, '2023-04-14 11:46:28'),
('2023-04-14', '197304142000032001', 'Christiany Kusuma Pertiwi, S.Si', 'IV/a', 'PNS', 'Pembina', 'Entomolog Kesehatan Ahli Madya (JF)', 5, '2023-04-14 11:46:02'),
('2023-04-14', '197305181994031002', 'Akhmad Imron, SKM,M.KKK', 'IV/a', 'PNS', 'Pembina', 'Epidemiolog Kesehatan Ahli Muda (JF)', 4, '2023-04-14 11:46:50'),
('2023-04-14', '198007142014122002', 'dr. Maedy Christiyani Bawolje', 'III/c', 'PNS', 'Penata', 'Dokter (JP)', 2, '2023-04-14 11:45:12'),
('2023-04-14', '198708152010121002', 'Andhika Nugraha, SKM., M.KKK', 'III/c', 'PNS', 'Penata', 'Pembimbing Kesehatan Kerja Ahli Muda (JF)', 1, '2023-04-14 11:47:48'),
('2023-04-14', '919800811202006101', 'Gatut Susanto', '', 'PPNPN', '', 'Staf Substansi TU', 7, '2023-04-14 11:47:12'),
('2023-04-14', '919811110200904101', 'Bayu Indar Nirwanto', '', 'PPNPN', '', 'Staf Substansi TU', 6, '2023-04-14 11:47:20'),
('2023-04-14', '919900920202006101', 'Didik Aman Wahyudi, S.Kep, Ns', '', 'PPNPN', '', 'Staf Substansi UKLW', 3, '2023-04-14 11:45:31'),
('2023-04-14', '919950425201802101', 'Miftahul Huda', '', 'PPNPN', '', 'Staf Substansi TU', 7, '2023-04-14 11:46:16'),
('2023-04-14', '919960419202001201', 'Dias Annisa Rahmah, AMd', '', 'PPNPN', '', 'Staf Substansi UKLW', 3, '2023-04-14 11:46:39'),
('2023-04-14', '919980827202101101', 'Audrey Abdilah Rusdianto', '', 'PPNPN', '', 'Staf Substansi PRL', 5, '2023-04-14 11:47:03'),
('2023-04-15', '197608292009012003', 'dr. Hendri Hastuti', 'IV/a', 'PNS', 'Pembina', 'Dokter Ahli Muda (JF)', 2, '2023-04-19 07:21:14'),
('2023-04-15', '197807062009122001', 'dr. Yuli Kristanti', 'III/c', 'PNS', 'Penata', 'Dokter (JP)', 2, '2023-04-19 07:21:29'),
('2023-04-15', '197904042002122003', 'Ira Ummu Aimanah, SKM, M.Kes', 'III/c', 'PNS', 'Penata', 'Epidemiolog Kesehatan Ahli Muda (JF)', 4, '2023-04-19 07:22:36'),
('2023-04-15', '198006042005012004', 'Leily Florentina, AMd. Kep', 'III/c', 'PNS', 'Penata', 'Perawat / Pengelola Keperawatan (JP)', 3, '2023-04-19 07:21:54'),
('2023-04-15', '198502202008122003', 'Yanita Setyaningrum, SKM, M.Kes', 'III/d', 'PNS', 'Penata Tingkat 1', 'Perencana Ahli Muda (JF)', 1, '2023-04-19 07:20:27'),
('2023-04-15', '199101062012122002', 'Fawandi Eta Rachmawati, SKM', 'III/a', 'PNS', 'Penata Muda', 'Sanitarian Ahli Pertama (JF)', 5, '2023-04-19 07:23:27'),
('2023-04-15', '199508092019021001', 'Dirga Maulidan, SKM', 'III/a', 'PNS', 'Penata Muda', 'Entomolog Kesehatan Ahli Pertama (JF)', 5, '2023-04-19 07:23:14'),
('2023-04-15', '919860617201301101', 'Iwan Santoso', '', 'PPNPN', '', 'Staf Substansi TU', 7, '2023-04-19 07:23:57'),
('2023-04-15', '919881110202001101', 'Mustakim', '', 'PPNPN', '', 'Staf Substansi TU', 7, '2023-04-19 07:24:07'),
('2023-04-15', '919900920202006101', 'Didik Aman Wahyudi, S.Kep, Ns', '', 'PPNPN', '', 'Staf Substansi UKLW', 3, '2023-04-19 07:22:03'),
('2023-04-15', '919930504202002101', 'Rizqi Arief Firmansyah, S.Kom', '', 'PPNPN', '', 'Staf Substansi PKSE', 4, '2023-04-19 07:23:03'),
('2023-04-15', '919980224202203101', 'Bagas Permadi', '', 'PPNPN', '', 'Staf Substansi TU', 6, '2023-04-19 07:23:39'),
('2023-04-16', '196604021991031004', 'Suminto, SH, M.Si', 'III/d', 'PNS', 'Penata Tingkat 1', 'Arsiparis Ahli Muda (JF)', 6, '2023-04-16 09:11:42'),
('2023-04-16', '197105052014122001', 'dr. Ririn Puspitasari, MM', 'III/c', 'PNS', 'Penata', 'Epidemiolog Kesehatan Ahli Muda (JF)', 1, '2023-04-16 08:56:49'),
('2023-04-16', '197407221999032007', 'Yuyung Setiyowati, SKM, MPH', 'IV/a', 'PNS', 'Pembina', 'Sanitarian Ahli Madya (JF)', 5, '2023-04-16 09:03:48'),
('2023-04-16', '197611182005012002', 'Binti Wachidatin, S.Kep, Ners', 'III/c', 'PNS', 'Penata', 'Perawat Ahli Pertama (JF)', 3, '2023-04-16 09:00:39'),
('2023-04-16', '198006072006042006', 'dr. Eni Wahyuni', 'IV/b', 'PNS', 'Pembina Tingkat 1', 'Dokter Ahli Madya (JF)', 2, '2023-04-16 08:57:24'),
('2023-04-16', '198506142015032007', 'dr. Yuliana Tanaya', 'III/c', 'PNS', 'Penata', 'Dokter (JP)', 2, '2023-04-16 09:00:05'),
('2023-04-16', '198804282019022001', 'Ika Rohmawati, SKM', 'III/a', 'PNS', 'Penata Muda', 'Epidemiolog Kesehatan Ahli Pertama (JF)', 4, '2023-04-16 09:04:32'),
('2023-04-16', '919860421202003101', 'Roy Widiyanto', '', 'PPNPN', '', 'Staf Substansi TU', 7, '2023-04-16 09:15:15'),
('2023-04-16', '919900920202006101', 'Didik Aman Wahyudi, S.Kep, Ns', '', 'PPNPN', '', 'Staf Substansi UKLW', 3, '2023-04-16 09:02:11'),
('2023-04-16', '919910905201601201', 'Septia Anggraini, AMd. KL', '', 'PPNPN', '', 'Staf Substansi PRL', 5, '2023-04-16 09:04:12'),
('2023-04-16', '919930504202002101', 'Rizqi Arief Firmansyah, S.Kom', '', 'PPNPN', '', 'Staf Substansi PKSE', 4, '2023-04-16 09:11:09'),
('2023-04-16', '919950425201802101', 'Miftahul Huda', '', 'PPNPN', '', 'Staf Substansi TU', 7, '2023-04-16 09:12:42'),
('2023-04-17', '196607291988032001', 'Yuli Suharianingtyas, SKM', 'IV/a', 'PNS', 'Pembina', 'Sanitarian Ahli Madya (JF)', 5, '2023-04-17 09:04:27'),
('2023-04-17', '197310162003122001', 'dr. Suci Wulansari Sp.KFR', 'III/d', 'PNS', 'Penata Tingkat 1', 'Staf Substansi UKLW', 2, '2023-04-17 09:03:11'),
('2023-04-17', '197603302006042001', 'dr. Lulut Kusumawati, Sp.PK', 'III/c', 'PNS', 'Penata', 'Staf Substansi UKLW', 2, '2023-04-17 09:03:03'),
('2023-04-17', '197901292008121002', 'Siswanto, ST, M.Epid', 'III/c', 'PNS', 'Penata', 'Sanitarian Ahli Muda (JF)', 1, '2023-04-17 09:02:53'),
('2023-04-17', '197904212005012001', 'Henik Kartikowati, S.Kep,Ns', 'III/c', 'PNS', 'Penata', 'Perawat / Pengelola Keperawatan (JP)', 3, '2023-04-17 09:03:19'),
('2023-04-17', '198109142005012001', 'Suhartatik, SKM, M.Kes', 'III/c', 'PNS', 'Penata', 'Epidemiolog Kesehatan Ahli Muda (JF)', 4, '2023-04-17 09:03:40'),
('2023-04-17', '198210022005012003', 'Agata Mirna Sari, Amd.Kep', 'III/a', 'PNS', 'Penata Muda', 'Perawat Mahir (JF)', 3, '2023-04-17 09:03:26'),
('2023-04-17', '198408172007122001', 'Zulfa Auliyati Agustina, SKM', 'III/c', 'PNS', 'Penata', 'Epidemiolog Kesehatan Ahli Muda (JF)', 4, '2023-04-17 09:03:58'),
('2023-04-17', '199508092019021001', 'Dirga Maulidan, SKM', 'III/a', 'PNS', 'Penata Muda', 'Entomolog Kesehatan Ahli Pertama (JF)', 5, '2023-04-17 09:04:37'),
('2023-04-17', '919800811202006101', 'Gatut Susanto', '', 'PPNPN', '', 'Staf Substansi TU', 7, '2023-04-17 09:04:52'),
('2023-04-17', '919830218201101101', 'Rahmad Fauzi', '', 'PPNPN', '', 'Staf Substansi TU', 6, '2023-04-17 09:02:40');
INSERT INTO `petugas` (`tgl`, `nip`, `nama`, `gol`, `status`, `pangkat`, `jabatan`, `role`, `in`) VALUES
('2023-04-17', '919860421202003101', 'Roy Widiyanto', '', 'PPNPN', '', 'Staf Substansi TU', 7, '2023-04-17 09:04:45'),
('2023-04-18', '197009162002122006', 'dr. Adianti Handajani, M.Kes., Sp.KJ.', 'III/b', 'PNS', 'Penata Muda Tingkat 1', 'Staf Substansi UKLW', 2, '2023-04-18 09:12:49'),
('2023-04-18', '198009102008122001', 'Puspita Tri Mutiarani, S.KM', 'III/a', 'PNS', 'Penata Muda', 'Sanitarian Ahli Pertama (JF)', 5, '2023-04-18 09:15:24'),
('2023-04-18', '198108042011032001', 'dr. Rr. Fitri Budi Sri Sugihartini', 'III/d', 'PNS', 'Penata Tingkat 1', 'Dokter Ahli Muda (JF)', 2, '2023-04-18 09:12:40'),
('2023-04-18', '198311252006042005', 'Fenty Dwi Noviani, SKM', 'III/b', 'PNS', 'Penata Muda Tingkat 1', 'Sanitarian Ahli (JP)', 4, '2023-04-18 09:15:14'),
('2023-04-18', '198502202008122003', 'Yanita Setyaningrum, SKM, M.Kes', 'III/d', 'PNS', 'Penata Tingkat 1', 'Perencana Ahli Muda (JF)', 1, '2023-04-18 09:12:31'),
('2023-04-18', '919860421202003101', 'Roy Widiyanto', '', 'PPNPN', '', 'Staf Substansi TU', 7, '2023-04-18 09:16:02'),
('2023-04-18', '919881110202001101', 'Mustakim', '', 'PPNPN', '', 'Staf Substansi TU', 7, '2023-04-18 09:15:53'),
('2023-04-18', '919900920202006101', 'Didik Aman Wahyudi, S.Kep, Ns', '', 'PPNPN', '', 'Staf Substansi UKLW', 3, '2023-04-18 09:14:04'),
('2023-04-18', '919920923201802101', 'Septian Maulana Rakhmad, S.Kom', '', 'PPNPN', '', 'Staf Substansi TU', 6, '2023-04-18 09:15:43'),
('2023-04-18', '919921026201401201', 'Okky Oktavia Pontororing, AMd. Kep', '', 'PPNPN', '', 'Staf Substansi UKLW', 3, '2023-04-18 09:13:05'),
('2023-04-18', '919930504202002101', 'Rizqi Arief Firmansyah, S.Kom', '', 'PPNPN', '', 'Staf Substansi PKSE', 4, '2023-04-18 09:15:02'),
('2023-04-18', '919980827202101101', 'Audrey Abdilah Rusdianto', '', 'PPNPN', '', 'Staf Substansi PRL', 5, '2023-04-18 09:15:35'),
('2023-04-19', '197109192001122006', 'dr. Diah Wahju Tjahjana', 'IV/c', 'PNS', 'Pembina Utama Muda', 'Dokter Ahli Madya (JF)', 2, '2023-04-19 09:56:51'),
('2023-04-19', '197407221999032007', 'Yuyung Setiyowati, SKM, MPH', 'IV/a', 'PNS', 'Pembina', 'Sanitarian Ahli Madya (JF)', 5, '2023-04-19 09:58:26'),
('2023-04-19', '197611182005012002', 'Binti Wachidatin, S.Kep, Ners', 'III/c', 'PNS', 'Penata', 'Perawat Ahli Pertama (JF)', 3, '2023-04-19 09:57:27'),
('2023-04-19', '197807062009122001', 'dr. Yuli Kristanti', 'III/c', 'PNS', 'Penata', 'Dokter (JP)', 2, '2023-04-19 09:57:05'),
('2023-04-19', '197903112003122003', 'Devika Martyawati, SKM,M.Kes', 'IV/a', 'PNS', 'Pembina', 'Epidemiolog Kesehatan Ahli Muda (JF)', 1, '2023-04-19 09:56:35'),
('2023-04-19', '198008082005012005', 'Aryanti, S.Kep, Ns', 'III/d', 'PNS', 'Penata Tingkat 1', 'Perawat Ahli Muda (JF)', 3, '2023-04-19 09:57:17'),
('2023-04-19', '198305252009122001', 'dr. Retno Widyastuti, MKM', 'III/d', 'PNS', 'Penata Tingkat 1', 'Epidemiolog Kesehatan Ahli Muda (JF)', 4, '2023-04-19 09:57:44'),
('2023-04-19', '198804282019022001', 'Ika Rohmawati, SKM', 'III/a', 'PNS', 'Penata Muda', 'Epidemiolog Kesehatan Ahli Pertama (JF)', 4, '2023-04-19 09:57:55'),
('2023-04-19', '199101062012122002', 'Fawandi Eta Rachmawati, SKM', 'III/a', 'PNS', 'Penata Muda', 'Sanitarian Ahli Pertama (JF)', 5, '2023-04-19 09:58:04'),
('2023-04-19', '919800811202006101', 'Gatut Susanto', '', 'PPNPN', '', 'Staf Substansi TU', 7, '2023-04-19 09:58:45'),
('2023-04-19', '919950425201802101', 'Miftahul Huda', '', 'PPNPN', '', 'Staf Substansi TU', 7, '2023-04-19 09:58:53'),
('2023-04-19', '919980224202203101', 'Bagas Permadi', '', 'PPNPN', '', 'Staf Substansi TU', 6, '2023-04-19 09:58:35'),
('2023-04-21', '', '', '', '', '', '', 0, '2023-04-21 17:01:20'),
('2023-04-21', '196604021991031004', 'Suminto, SH, M.Si', 'III/d', 'PNS', 'Penata Tingkat 1', 'Arsiparis Ahli Muda (JF)', 6, '2023-04-21 16:19:12'),
('2023-04-21', '197608292009012003', 'dr. Hendri Hastuti', 'IV/a', 'PNS', 'Pembina', 'Dokter Ahli Muda (JF)', 2, '2023-04-21 16:08:26'),
('2023-04-21', '197901292008121002', 'Siswanto, ST, M.Epid', 'III/c', 'PNS', 'Penata', 'Sanitarian Ahli Muda (JF)', 1, '2023-04-21 16:08:04'),
('2023-04-21', '198006072006042006', 'dr. Eni Wahyuni', 'IV/b', 'PNS', 'Pembina Tingkat 1', 'Dokter Ahli Madya (JF)', 2, '2023-04-21 16:08:50'),
('2023-04-21', '198009102008122001', 'Puspita Tri Mutiarani, S.KM', 'III/a', 'PNS', 'Penata Muda', 'Sanitarian Ahli Pertama (JF)', 5, '2023-04-21 16:18:12'),
('2023-04-21', '198109142005012001', 'Suhartatik, SKM, M.Kes', 'III/c', 'PNS', 'Penata', 'Epidemiolog Kesehatan Ahli Muda (JF)', 4, '2023-04-21 16:10:03'),
('2023-04-21', '198210022005012003', 'Agata Mirna Sari, Amd.Kep', 'III/a', 'PNS', 'Penata Muda', 'Perawat Mahir (JF)', 3, '2023-04-21 16:09:23'),
('2023-04-21', '198408172007122001', 'Zulfa Auliyati Agustina, SKM', 'III/c', 'PNS', 'Penata', 'Epidemiolog Kesehatan Ahli Muda (JF)', 4, '2023-04-21 16:17:43'),
('2023-04-21', '919761119201005101', 'Budi Setiawan', '', 'PPNPN', '', 'Staf Substansi TU', 7, '2023-04-21 16:19:35'),
('2023-04-21', '919910905201601201', 'Septia Anggraini, AMd. KL', '', 'PPNPN', '', 'Staf Substansi PRL', 5, '2023-04-21 16:18:51'),
('2023-04-21', '919940910201802101', 'Nurhakim, AMd. Kep', '', 'PPNPN', '', 'Staf Substansi UKLW', 3, '2023-04-21 16:09:41'),
('2023-04-21', '919950425201802101', 'Miftahul Huda', '', 'PPNPN', '', 'Staf Substansi TU', 7, '2023-04-21 16:19:53'),
('2023-04-22', '196907231989032001', 'Ida Nurhandayani, SKM', 'IV/a', 'PNS', 'Pembina', 'Epidemiolog Kesehatan Ahli Madya (JF)', 4, '2023-04-22 09:44:07'),
('2023-04-22', '197004082002122001', 'dr. Deni Apriani, MM', 'IV/a', 'PNS', 'Pembina', 'Dokter Ahli Muda (JF)', 1, '2023-04-22 09:42:30'),
('2023-04-22', '197304142000032001', 'Christiany Kusuma Pertiwi, S.Si', 'IV/a', 'PNS', 'Pembina', 'Entomolog Kesehatan Ahli Madya (JF)', 5, '2023-04-22 09:44:28'),
('2023-04-22', '198006042005012004', 'Leily Florentina, AMd. Kep', 'III/c', 'PNS', 'Penata', 'Perawat / Pengelola Keperawatan (JP)', 3, '2023-04-22 09:43:26'),
('2023-04-22', '198007142014122002', 'dr. Maedy Christiyani Bawolje', 'III/c', 'PNS', 'Penata', 'Dokter (JP)', 2, '2023-04-22 09:42:57'),
('2023-04-22', '198506142015032007', 'dr. Yuliana Tanaya', 'III/c', 'PNS', 'Penata', 'Dokter (JP)', 2, '2023-04-22 09:43:13'),
('2023-04-22', '919800811202006101', 'Gatut Susanto', '', 'PPNPN', '', 'Staf Substansi TU', 7, '2023-04-22 09:44:48'),
('2023-04-22', '919920503201601201', 'Putrie Nurlina Permatasari, AMd. Kep', '', 'PPNPN', '', 'Staf Substansi UKLW', 3, '2023-04-22 09:43:40'),
('2023-04-22', '919930504202002101', 'Rizqi Arief Firmansyah, S.Kom', '', 'PPNPN', '', 'Staf Substansi PKSE', 4, '2023-04-22 09:43:57'),
('2023-04-22', '919980224202203101', 'Bagas Permadi', '', 'PPNPN', '', 'Staf Substansi TU', 6, '2023-04-22 09:44:38'),
('2023-04-24', '197109192001122006', 'dr. Diah Wahju Tjahjana', 'IV/c', 'PNS', 'Pembina Utama Muda', 'Dokter Ahli Madya (JF)', 2, '2023-04-24 12:49:05'),
('2023-04-24', '197304142000032001', 'Christiany Kusuma Pertiwi, S.Si', 'IV/a', 'PNS', 'Pembina', 'Entomolog Kesehatan Ahli Madya (JF)', 5, '2023-04-24 12:58:33'),
('2023-04-24', '197807062009122001', 'dr. Yuli Kristanti', 'III/c', 'PNS', 'Penata', 'Dokter (JP)', 2, '2023-04-24 12:50:15'),
('2023-04-24', '197903112003122003', 'Devika Martyawati, SKM,M.Kes', 'IV/a', 'PNS', 'Pembina', 'Epidemiolog Kesehatan Ahli Muda (JF)', 1, '2023-04-24 12:47:51'),
('2023-04-24', '198311252006042005', 'Fenty Dwi Noviani, SKM', 'III/b', 'PNS', 'Penata Muda Tingkat 1', 'Sanitarian Ahli (JP)', 4, '2023-04-24 12:51:54'),
('2023-04-24', '198808152010122002', 'Qurrotul Aini Meta Puspita Sari, S.TP., M.Kes.', 'III/c', 'PNS', 'Penata', 'Staf TU', 4, '2023-04-24 22:04:14'),
('2023-04-24', '919900920202006101', 'Didik Aman Wahyudi, S.Kep, Ns', '', 'PPNPN', '', 'Staf Substansi UKLW', 3, '2023-04-24 12:50:56'),
('2023-04-24', '919921026201401201', 'Okky Oktavia Pontororing, AMd. Kep', '', 'PPNPN', '', 'Staf Substansi UKLW', 3, '2023-04-24 12:50:40'),
('2023-04-24', '919980827202101101', 'Audrey Abdilah Rusdianto', '', 'PPNPN', '', 'Staf Substansi PRL', 5, '2023-04-24 12:58:54'),
('2023-04-26', '197608292009012003', 'dr. Hendri Hastuti', 'IV/a', 'PNS', 'Pembina', 'Dokter Ahli Muda (JF)', 2, '2023-04-26 10:51:01'),
('2023-04-26', '197911182006042001', 'Nunki Nirmalasari, ST', 'III/d', 'PNS', 'Penata Tingkat 1', 'Sanitarian Ahli Muda (JF)', 5, '2023-04-26 10:52:15'),
('2023-04-26', '198007142014122002', 'dr. Maedy Christiyani Bawolje', 'III/c', 'PNS', 'Penata', 'Dokter (JP)', 2, '2023-04-26 10:50:53'),
('2023-04-26', '198109142005012001', 'Suhartatik, SKM, M.Kes', 'III/c', 'PNS', 'Penata', 'Epidemiolog Kesehatan Ahli Muda (JF)', 4, '2023-04-26 10:51:44'),
('2023-04-26', '198210022005012003', 'Agata Mirna Sari, Amd.Kep', 'III/a', 'PNS', 'Penata Muda', 'Perawat Mahir (JF)', 3, '2023-04-26 10:51:18'),
('2023-04-26', '198305252009122001', 'dr. Retno Widyastuti, MKM', 'III/d', 'PNS', 'Penata Tingkat 1', 'Epidemiolog Kesehatan Ahli Muda (JF)', 4, '2023-04-26 10:52:03'),
('2023-04-26', '198708152010121002', 'Andhika Nugraha, SKM., M.KKK', 'III/c', 'PNS', 'Penata', 'Pembimbing Kesehatan Kerja Ahli Muda (JF)', 1, '2023-04-26 10:50:44'),
('2023-04-26', '919761119201005101', 'Budi Setiawan', '', 'PPNPN', '', 'Pengemudi', 7, '2023-04-26 10:52:56'),
('2023-04-26', '919900920202006101', 'Didik Aman Wahyudi, S.Kep, Ns', '', 'PPNPN', '', 'Perawat', 3, '2023-04-26 10:51:26'),
('2023-04-26', '919910905201601201', 'Septia Anggraini, AMd. KL', '', 'PPNPN', '', 'Staf Substansi PRL', 5, '2023-04-26 10:52:29'),
('2023-04-26', '919950425201802101', 'Miftahul Huda', '', 'PPNPN', '', 'Pengemudi', 7, '2023-04-26 10:52:45'),
('2023-04-26', '919980224202203101', 'Bagas Permadi', '', 'PPNPN', '', 'Staf Substansi TU', 6, '2023-04-26 10:52:35'),
('2023-04-27', '197407221999032007', 'Yuyung Setiyowati, SKM, MPH', 'IV/a', 'PNS', 'Pembina', 'Sanitarian Ahli Madya (JF)', 5, '2023-04-27 07:33:26'),
('2023-04-27', '197611182005012002', 'Binti Wachidatin, S.Kep, Ners', 'III/c', 'PNS', 'Penata', 'Perawat Ahli Pertama (JF)', 3, '2023-04-27 07:32:33'),
('2023-04-27', '197807062009122001', 'dr. Yuli Kristanti', 'III/c', 'PNS', 'Penata', 'Dokter (JP)', 2, '2023-04-27 09:57:20'),
('2023-04-27', '197901292008121002', 'Siswanto, ST, M.Epid', 'III/c', 'PNS', 'Penata', 'Sanitarian Ahli Muda (JF)', 1, '2023-04-27 07:32:09'),
('2023-04-27', '197905052005011006', 'Maksudi, S.Kep, Ns', 'III/d', 'PNS', 'Penata Tingkat 1', 'Perawat Ahli Muda (JF)', 3, '2023-04-27 07:33:36'),
('2023-04-27', '198108042011032001', 'dr. Rr. Fitri Budi Sri Sugihartini', 'III/d', 'PNS', 'Penata Tingkat 1', 'Dokter Ahli Muda (JF)', 2, '2023-04-27 07:32:19'),
('2023-04-27', '198808152010122002', 'Qurrotul Aini Meta Puspita Sari, S.TP., M.Kes.', 'III/c', 'PNS', 'Penata', 'Staf TU', 4, '2023-04-27 07:33:56'),
('2023-04-27', '199508092019021001', 'Dirga Maulidan, SKM', 'III/a', 'PNS', 'Penata Muda', 'Entomolog Kesehatan Ahli Pertama (JF)', 5, '2023-04-27 10:02:36'),
('2023-04-27', '919800811202006101', 'Gatut Susanto', '', 'PPNPN', '', 'Pengemudi', 7, '2023-04-27 10:02:10'),
('2023-04-27', '919860421202003101', 'Roy Widiyanto', '', 'PPNPN', '', 'Pengemudi', 7, '2023-04-27 10:01:58'),
('2023-04-27', '919920923201802101', 'Septian Maulana Rakhmad, S.Kom', '', 'PPNPN', '', 'Staf Substansi TU', 6, '2023-04-27 07:34:05'),
('2023-04-27', '919930504202002101', 'Rizqi Arief Firmansyah, S.Kom', '', 'PPNPN', '', 'Staf Substansi PKSE', 4, '2023-04-27 07:33:15'),
('2023-04-28', '196607291988032001', 'Yuli Suharianingtyas, SKM', 'IV/a', 'PNS', 'Pembina', 'Sanitarian Ahli Madya (JF)', 5, '2023-04-28 13:12:01'),
('2023-04-28', '197009162002122006', 'dr. Adianti Handajani, M.Kes., Sp.KJ.', 'III/b', 'PNS', 'Penata Muda Tingkat 1', 'Dokter', 2, '2023-04-28 13:10:43'),
('2023-04-28', '197305181994031002', 'Akhmad Imron, SKM,M.KKK', 'IV/a', 'PNS', 'Pembina', 'Epidemiolog Kesehatan Ahli Muda (JF)', 4, '2023-04-28 13:11:10'),
('2023-04-28', '197310162003122001', 'dr. Suci Wulansari Sp. KFR', 'III/d', 'PNS', 'Penata Tingkat 1', 'Dokter', 2, '2023-04-28 13:10:30'),
('2023-04-28', '198006042005012004', 'Leily Florentina, AMd. Kep', 'III/c', 'PNS', 'Penata', 'Perawat / Pengelola Keperawatan (JP)', 3, '2023-04-28 13:10:51'),
('2023-04-28', '198708152010121002', 'Andhika Nugraha, SKM., M.KKK', 'III/c', 'PNS', 'Penata', 'Pembimbing Kesehatan Kerja Ahli Muda (JF)', 1, '2023-04-28 13:10:17'),
('2023-04-28', '198804282019022001', 'Ika Rohmawati, SKM', 'III/a', 'PNS', 'Penata Muda', 'Epidemiolog Kesehatan Ahli Pertama (JF)', 4, '2023-04-28 13:11:38'),
('2023-04-28', '199101062012122002', 'Fawandi Eta Rachmawati, SKM', 'III/a', 'PNS', 'Penata Muda', 'Sanitarian Ahli Pertama (JF)', 5, '2023-04-28 13:11:50'),
('2023-04-28', '919830218201101101', 'Rahmad Fauzi', '', 'PPNPN', '', 'Staf Substansi TU', 6, '2023-04-28 13:12:56'),
('2023-04-28', '919860617201301101', 'Iwan Santoso', '', 'PPNPN', '', 'Pengemudi', 7, '2023-04-28 13:12:31'),
('2023-04-28', '919881110202001101', 'Mustakim', '', 'PPNPN', '', 'Pengemudi', 7, '2023-04-28 13:12:49'),
('2023-04-28', '919900920202006101', 'Didik Aman Wahyudi, S.Kep, Ns', '', 'PPNPN', '', 'Perawat', 3, '2023-04-28 13:10:58'),
('2023-05-02', '196604021991031004', 'Suminto, SH, M.Si', 'III/d', 'PNS', 'Penata Tingkat 1', 'Arsiparis Ahli Muda (JF)', 6, '2023-05-02 12:48:08'),
('2023-05-02', '197009162002122006', 'dr. Adianti Handajani, M.Kes., Sp.KJ.', 'III/b', 'PNS', 'Penata Muda Tingkat 1', 'Dokter', 2, '2023-05-02 12:44:54'),
('2023-05-02', '197304142000032001', 'Christiany Kusuma Pertiwi, S.Si', 'IV/a', 'PNS', 'Pembina', 'Entomolog Kesehatan Ahli Madya (JF)', 5, '2023-05-02 12:46:04'),
('2023-05-02', '197901292008121002', 'Siswanto, ST, M.Epid', 'III/c', 'PNS', 'Penata', 'Sanitarian Ahli Muda (JF)', 1, '2023-05-02 12:43:44'),
('2023-05-02', '198006072006042006', 'dr. Eni Wahyuni', 'IV/b', 'PNS', 'Pembina Tingkat 1', 'Dokter Ahli Madya (JF)', 2, '2023-05-02 12:44:24'),
('2023-05-02', '198808152010122002', 'Qurrotul Aini Meta Puspita Sari, S.TP., M.Kes.', 'III/c', 'PNS', 'Penata', 'Staf TU', 4, '2023-05-02 12:47:11'),
('2023-05-02', '199101062012122002', 'Fawandi Eta Rachmawati, SKM', 'III/a', 'PNS', 'Penata Muda', 'Sanitarian Ahli Pertama (JF)', 5, '2023-05-02 12:46:30'),
('2023-05-02', '919800811202006101', 'Gatut Susanto', '', 'PPNPN', '', 'Pengemudi', 7, '2023-05-02 20:53:25'),
('2023-05-02', '919860617201301101', 'Iwan Santoso', '', 'PPNPN', '', 'Pengemudi', 7, '2023-05-02 20:53:09'),
('2023-05-02', '919900920202006101', 'Didik Aman Wahyudi, S.Kep, Ns', '', 'PPNPN', '', 'Perawat', 3, '2023-05-02 20:52:35'),
('2023-05-02', '919930504202002101', 'Rizqi Arief Firmansyah, S.Kom', '', 'PPNPN', '', 'Staf Substansi PKSE', 4, '2023-05-02 12:47:43'),
('2023-05-03', '197109192001122006', 'dr. Diah Wahju Tjahjana', 'IV/c', 'PNS', 'Pembina Utama Muda', 'Dokter Ahli Madya (JF)', 2, '2023-05-03 06:56:53'),
('2023-05-03', '197603302006042001', 'dr. Lulut Kusumawati, SpPK', 'III/c', 'PNS', 'Penata', 'Dokter', 2, '2023-05-03 06:56:42'),
('2023-05-03', '197903112003122003', 'Devika Martyawati, SKM,M.Kes', 'IV/a', 'PNS', 'Pembina', 'Epidemiolog Kesehatan Ahli Muda (JF)', 1, '2023-05-03 06:56:26'),
('2023-05-03', '198008082005012005', 'Aryanti, S.Kep, Ns', 'III/d', 'PNS', 'Penata Tingkat 1', 'Perawat Ahli Muda (JF)', 3, '2023-05-03 06:57:03'),
('2023-05-03', '198009102008122001', 'Puspita Tri Mutiarani, S.KM', 'III/a', 'PNS', 'Penata Muda', 'Sanitarian Ahli Pertama (JF)', 5, '2023-05-03 06:57:50'),
('2023-05-03', '198305252009122001', 'dr. Retno Widyastuti, MKM', 'III/d', 'PNS', 'Penata Tingkat 1', 'Epidemiolog Kesehatan Ahli Muda (JF)', 4, '2023-05-03 06:57:29'),
('2023-05-03', '198408172007122001', 'Zulfa Auliyati Agustina, SKM', 'III/c', 'PNS', 'Penata', 'Epidemiolog Kesehatan Ahli Muda (JF)', 4, '2023-05-03 06:57:23'),
('2023-05-03', '199508092019021001', 'Dirga Maulidan, SKM', 'III/a', 'PNS', 'Penata Muda', 'Entomolog Kesehatan Ahli Pertama (JF)', 5, '2023-05-03 06:57:39'),
('2023-05-03', '919860421202003101', 'Roy Widiyanto', '', 'PPNPN', '', 'Pengemudi', 7, '2023-05-03 06:58:23'),
('2023-05-03', '919920923201802101', 'Septian Maulana Rakhmad, S.Kom', '', 'PPNPN', '', 'Staf Substansi TU', 6, '2023-05-03 06:58:04'),
('2023-05-03', '919940910201802101', 'Nurhakim, AMd. Kep', '', 'PPNPN', '', 'Perawat', 3, '2023-05-03 06:57:10'),
('2023-05-03', '919950425201802101', 'Miftahul Huda', '', 'PPNPN', '', 'Pengemudi', 7, '2023-05-03 06:58:12'),
('2023-05-04', '197105052014122001', 'dr. Ririn Puspitasari, MM', 'III/c', 'PNS', 'Penata', 'Epidemiolog Kesehatan Ahli Muda (JF)', 1, '2023-05-04 08:50:45'),
('2023-05-04', '197608292009012003', 'dr. Hendri Hastuti', 'IV/a', 'PNS', 'Pembina', 'Dokter Ahli Muda (JF)', 2, '2023-05-04 08:51:03'),
('2023-05-04', '197904212005012001', 'Henik Kartikowati, S.Kep,Ns', 'III/c', 'PNS', 'Penata', 'Perawat / Pengelola Keperawatan (JP)', 3, '2023-05-04 08:51:34'),
('2023-05-04', '197905052005011006', 'Maksudi, S.Kep, Ns', 'III/d', 'PNS', 'Penata Tingkat 1', 'Perawat Ahli Muda (JF)', 3, '2023-05-04 08:51:42'),
('2023-05-04', '197911182006042001', 'Nunki Nirmalasari, ST', 'III/d', 'PNS', 'Penata Tingkat 1', 'Sanitarian Ahli Muda (JF)', 5, '2023-05-04 08:52:42'),
('2023-05-04', '198007142014122002', 'dr. Maedy Christiyani Bawolje', 'III/c', 'PNS', 'Penata', 'Dokter (JP)', 2, '2023-05-04 08:51:18'),
('2023-05-04', '198109142005012001', 'Suhartatik, SKM, M.Kes', 'III/c', 'PNS', 'Penata', 'Epidemiolog Kesehatan Ahli Muda (JF)', 4, '2023-05-04 08:52:16'),
('2023-05-04', '198311252006042005', 'Fenty Dwi Noviani, SKM', 'III/b', 'PNS', 'Penata Muda Tingkat 1', 'Sanitarian Ahli (JP)', 4, '2023-05-04 08:52:26'),
('2023-05-04', '919761119201005101', 'Budi Setiawan', '', 'PPNPN', '', 'Pengemudi', 7, '2023-05-04 08:54:13'),
('2023-05-04', '919881110202001101', 'Mustakim', '', 'PPNPN', '', 'Pengemudi', 7, '2023-05-04 08:53:50'),
('2023-05-04', '919910905201601201', 'Septia Anggraini, AMd. KL', '', 'PPNPN', '', 'Staf Substansi PRL', 5, '2023-05-04 08:52:58'),
('2023-05-04', '919980224202203101', 'Bagas Permadi', '', 'PPNPN', '', 'Staf Substansi TU', 6, '2023-05-04 08:53:34'),
('2023-05-05', '197004082002122001', 'dr. Deni Apriani, MM', 'IV/a', 'PNS', 'Pembina', 'Dokter Ahli Muda (JF)', 1, '2023-05-05 09:28:04'),
('2023-05-05', '197310162003122001', 'dr. Suci Wulansari Sp. KFR', 'III/d', 'PNS', 'Penata Tingkat 1', 'Dokter', 2, '2023-05-05 09:29:14'),
('2023-05-05', '197407221999032007', 'Yuyung Setiyowati, SKM, MPH', 'IV/a', 'PNS', 'Pembina', 'Sanitarian Ahli Madya (JF)', 5, '2023-05-05 09:52:03'),
('2023-05-05', '197807062009122001', 'dr. Yuli Kristanti', 'III/c', 'PNS', 'Penata', 'Dokter (JP)', 2, '2023-05-05 09:28:58'),
('2023-05-05', '198210022005012003', 'Agata Mirna Sari, Amd.Kep', 'III/a', 'PNS', 'Penata Muda', 'Perawat Mahir (JF)', 3, '2023-05-05 09:29:22'),
('2023-05-05', '198804282019022001', 'Ika Rohmawati, SKM', 'III/a', 'PNS', 'Penata Muda', 'Epidemiolog Kesehatan Ahli Pertama (JF)', 4, '2023-05-05 09:51:38'),
('2023-05-05', '198808152010122002', 'Qurrotul Aini Meta Puspita Sari, S.TP., M.Kes.', 'III/c', 'PNS', 'Penata', 'Staf TU', 4, '2023-05-05 09:31:41'),
('2023-05-05', '199101062012122002', 'Fawandi Eta Rachmawati, SKM', 'III/a', 'PNS', 'Penata Muda', 'Sanitarian Ahli Pertama (JF)', 5, '2023-05-05 09:51:50'),
('2023-05-05', '919800811202006101', 'Gatut Susanto', '', 'PPNPN', '', 'Pengemudi', 7, '2023-05-05 10:14:26'),
('2023-05-05', '919830218201101101', 'Rahmad Fauzi', '', 'PPNPN', '', 'Staf Substansi TU', 6, '2023-05-05 09:30:51'),
('2023-05-05', '919860617201301101', 'Iwan Santoso', '', 'PPNPN', '', 'Pengemudi', 7, '2023-05-05 09:52:13'),
('2023-05-08', '196604021991031004', 'Suminto, SH, M.Si', 'III/d', 'PNS', 'Penata Tingkat 1', 'Arsiparis Ahli Muda (JF)', 6, '2023-05-08 10:04:09'),
('2023-05-08', '196607291988032001', 'Yuli Suharianingtyas, SKM', 'IV/a', 'PNS', 'Pembina', 'Sanitarian Ahli Madya (JF)', 5, '2023-05-08 09:56:47'),
('2023-05-08', '196907231989032001', 'Ida Nurhandayani, SKM', 'IV/a', 'PNS', 'Pembina', 'Epidemiolog Kesehatan Ahli Madya (JF)', 4, '2023-05-08 09:54:19'),
('2023-05-08', '197003301991031002', 'Pudjo Suwanto, SKM, M.Kes', 'IV/a', 'PNS', 'Pembina', 'Entomolog Kesehatan Ahli Muda (JF)', 1, '2023-05-08 09:51:02'),
('2023-05-08', '197407221999032007', 'Yuyung Setiyowati, SKM, MPH', 'IV/a', 'PNS', 'Pembina', 'Sanitarian Ahli Madya (JF)', 5, '2023-05-08 09:56:32'),
('2023-05-08', '197608292009012003', 'dr. Hendri Hastuti', 'IV/a', 'PNS', 'Pembina', 'Dokter Ahli Muda (JF)', 2, '2023-05-08 09:55:29'),
('2023-05-08', '198007142014122002', 'dr. Maedy Christiyani Bawolje', 'III/c', 'PNS', 'Penata', 'Dokter (JP)', 2, '2023-05-08 09:51:42'),
('2023-05-08', '198305252009122001', 'dr. Retno Widyastuti, MKM', 'III/d', 'PNS', 'Penata Tingkat 1', 'Epidemiolog Kesehatan Ahli Muda (JF)', 4, '2023-05-08 09:55:51'),
('2023-05-08', '919800811202006101', 'Gatut Susanto', '', 'PPNPN', '', 'Pengemudi', 7, '2023-05-08 10:04:48'),
('2023-05-08', '919860617201301101', 'Iwan Santoso', '', 'PPNPN', '', 'Pengemudi', 7, '2023-05-08 10:04:28'),
('2023-05-08', '919940910201802101', 'Nurhakim, AMd. Kep', '', 'PPNPN', '', 'Perawat', 3, '2023-05-08 09:57:23'),
('2023-05-09', '197009162002122006', 'dr. Adianti Handajani, M.Kes., Sp.KJ.', 'III/b', 'PNS', 'Penata Muda Tingkat 1', 'Dokter', 2, '2023-05-09 07:54:21'),
('2023-05-09', '197807062009122001', 'dr. Yuli Kristanti', 'III/c', 'PNS', 'Penata', 'Dokter (JP)', 2, '2023-05-09 07:54:31'),
('2023-05-09', '197903112003122003', 'Devika Martyawati, SKM,M.Kes', 'IV/a', 'PNS', 'Pembina', 'Epidemiolog Kesehatan Ahli Muda (JF)', 1, '2023-05-09 07:54:12'),
('2023-05-09', '198006042005012004', 'Leily Florentina, AMd. Kep', 'III/c', 'PNS', 'Penata', 'Perawat / Pengelola Keperawatan (JP)', 3, '2023-05-09 07:55:09'),
('2023-05-09', '198408172007122001', 'Zulfa Auliyati Agustina, SKM', 'III/c', 'PNS', 'Penata', 'Epidemiolog Kesehatan Ahli Muda (JF)', 4, '2023-05-09 07:54:45'),
('2023-05-09', '198804282019022001', 'Ika Rohmawati, SKM', 'III/a', 'PNS', 'Penata Muda', 'Epidemiolog Kesehatan Ahli Pertama (JF)', 4, '2023-05-09 07:55:26'),
('2023-05-09', '199508092019021001', 'Dirga Maulidan, SKM', 'III/a', 'PNS', 'Penata Muda', 'Entomolog Kesehatan Ahli Pertama (JF)', 5, '2023-05-09 07:58:54'),
('2023-05-09', '919830218201101101', 'Rahmad Fauzi', '', 'PPNPN', '', 'Staf Substansi TU', 6, '2023-05-09 07:55:58'),
('2023-05-09', '919860421202003101', 'Roy Widiyanto', '', 'PPNPN', '', 'Pengemudi', 7, '2023-05-09 07:55:50'),
('2023-05-09', '919910905201601201', 'Septia Anggraini, AMd. KL', '', 'PPNPN', '', 'Staf Substansi PRL', 5, '2023-05-09 07:55:34'),
('2023-05-09', '919950425201802101', 'Miftahul Huda', '', 'PPNPN', '', 'Pengemudi', 7, '2023-05-09 07:55:42'),
('2023-05-10', '197304142000032001', 'Christiany Kusuma Pertiwi, S.Si', 'IV/a', 'PNS', 'Pembina', 'Entomolog Kesehatan Ahli Madya (JF)', 5, '2023-05-10 08:14:09'),
('2023-05-10', '197911182006042001', 'Nunki Nirmalasari, ST', 'III/d', 'PNS', 'Penata Tingkat 1', 'Sanitarian Ahli Muda (JF)', 5, '2023-05-10 07:30:12'),
('2023-05-10', '198006072006042006', 'dr. Eni Wahyuni', 'IV/b', 'PNS', 'Pembina Tingkat 1', 'Dokter Ahli Madya (JF)', 2, '2023-05-10 07:28:37'),
('2023-05-10', '198311252006042005', 'Fenty Dwi Noviani, SKM', 'III/b', 'PNS', 'Penata Muda Tingkat 1', 'Sanitarian Ahli (JP)', 4, '2023-05-10 07:29:55'),
('2023-05-10', '198506142015032007', 'dr. Yuliana Tanaya', 'III/c', 'PNS', 'Penata', 'Dokter (JP)', 2, '2023-05-10 07:29:35'),
('2023-05-10', '198708152010121002', 'Andhika Nugraha, SKM., M.KKK', 'III/c', 'PNS', 'Penata', 'Pembimbing Kesehatan Kerja Ahli Muda (JF)', 1, '2023-05-10 07:28:15'),
('2023-05-10', '919761119201005101', 'Budi Setiawan', '', 'PPNPN', '', 'Pengemudi', 7, '2023-05-10 07:30:32'),
('2023-05-10', '919881110202001101', 'Mustakim', '', 'PPNPN', '', 'Pengemudi', 7, '2023-05-10 07:29:21'),
('2023-05-10', '919900920202006101', 'Didik Aman Wahyudi, S.Kep, Ns', '', 'PPNPN', '', 'Perawat', 3, '2023-05-10 07:28:52'),
('2023-05-10', '919920503201601201', 'Putrie Nurlina Permatasari, AMd. Kep', '', 'PPNPN', '', 'Perawat', 3, '2023-05-10 07:29:44'),
('2023-05-10', '919920923201802101', 'Septian Maulana Rakhmad, S.Kom', '', 'PPNPN', '', 'Staf Substansi TU', 6, '2023-05-10 07:30:23'),
('2023-05-10', '919930504202002101', 'Rizqi Arief Firmansyah, S.Kom', '', 'PPNPN', '', 'Staf Substansi PKSE', 4, '2023-05-10 07:30:57'),
('2023-05-11', '196607291988032001', 'Yuli Suharianingtyas, SKM', 'IV/a', 'PNS', 'Pembina', 'Sanitarian Ahli Madya (JF)', 5, '2023-05-11 10:27:21'),
('2023-05-11', '197105052014122001', 'dr. Ririn Puspitasari, MM', 'III/c', 'PNS', 'Penata', 'Epidemiolog Kesehatan Ahli Muda (JF)', 1, '2023-05-11 10:25:18'),
('2023-05-11', '197305181994031002', 'Akhmad Imron, SKM,M.KKK', 'IV/a', 'PNS', 'Pembina', 'Epidemiolog Kesehatan Ahli Muda (JF)', 4, '2023-05-11 10:26:03'),
('2023-05-11', '197608292009012003', 'dr. Hendri Hastuti', 'IV/a', 'PNS', 'Pembina', 'Dokter Ahli Muda (JF)', 2, '2023-05-11 10:25:32'),
('2023-05-11', '197904042002122003', 'Ira Ummu Aimanah, SKM, M.Kes', 'III/c', 'PNS', 'Penata', 'Epidemiolog Kesehatan Ahli Muda (JF)', 4, '2023-05-11 10:27:06'),
('2023-05-11', '198108042011032001', 'dr. Rr. Fitri Budi Sri Sugihartini', 'III/d', 'PNS', 'Penata Tingkat 1', 'Dokter Ahli Muda (JF)', 2, '2023-05-11 10:26:41'),
('2023-05-11', '198210022005012003', 'Agata Mirna Sari, Amd.Kep', 'III/a', 'PNS', 'Penata Muda', 'Perawat Mahir (JF)', 3, '2023-05-11 10:25:50'),
('2023-05-11', '919800811202006101', 'Gatut Susanto', '', 'PPNPN', '', 'Pengemudi', 7, '2023-05-11 10:27:31'),
('2023-05-11', '919811110200904101', 'Bayu Indar Nirwanto', '', 'PPNPN', '', 'Staf Substansi TU', 6, '2023-05-11 10:27:39'),
('2023-05-11', '919860421202003101', 'Roy Widiyanto', '', 'PPNPN', '', 'Pengemudi', 7, '2023-05-11 10:26:30'),
('2023-05-11', '919900920202006101', 'Didik Aman Wahyudi, S.Kep, Ns', '', 'PPNPN', '', 'Perawat', 3, '2023-05-11 10:26:51'),
('2023-05-11', '919980827202101101', 'Audrey Abdilah Rusdianto', '', 'PPNPN', '', 'Staf Substansi PRL', 5, '2023-05-11 10:26:16'),
('2023-05-12', '196907231989032001', 'Ida Nurhandayani, SKM', 'IV/a', 'PNS', 'Pembina', 'Epidemiolog Kesehatan Ahli Madya (JF)', 4, '2023-05-12 10:07:08'),
('2023-05-12', '197004082002122001', 'dr. Deni Apriani, MM', 'IV/a', 'PNS', 'Pembina', 'Dokter Ahli Muda (JF)', 1, '2023-05-12 08:10:17'),
('2023-05-12', '197109192001122006', 'dr. Diah Wahju Tjahjana', 'IV/c', 'PNS', 'Pembina Utama Muda', 'Dokter Ahli Madya (JF)', 2, '2023-05-12 08:10:26'),
('2023-05-12', '198007142014122002', 'dr. Maedy Christiyani Bawolje', 'III/c', 'PNS', 'Penata', 'Dokter (JP)', 2, '2023-05-12 08:10:33'),
('2023-05-12', '199508092019021001', 'Dirga Maulidan, SKM', 'III/a', 'PNS', 'Penata Muda', 'Entomolog Kesehatan Ahli Pertama (JF)', 5, '2023-05-12 10:07:18'),
('2023-05-12', '919830218201101101', 'Rahmad Fauzi', '', 'PPNPN', '', 'Staf Substansi TU', 6, '2023-05-12 08:11:35'),
('2023-05-12', '919860421202003101', 'Roy Widiyanto', '', 'PPNPN', '', 'Pengemudi', 7, '2023-05-12 08:11:22'),
('2023-05-12', '919910905201601201', 'Septia Anggraini, AMd. KL', '', 'PPNPN', '', 'Staf Substansi PRL', 5, '2023-05-12 08:11:14'),
('2023-05-12', '919921026201401201', 'Okky Oktavia Pontororing, AMd. Kep', '', 'PPNPN', '', 'Perawat', 3, '2023-05-12 08:10:41'),
('2023-05-12', '919930504202002101', 'Rizqi Arief Firmansyah, S.Kom', '', 'PPNPN', '', 'Staf Substansi PKSE', 4, '2023-05-12 08:11:00'),
('2023-05-12', '919950425201802101', 'Miftahul Huda', '', 'PPNPN', '', 'Pengemudi', 7, '2023-05-12 08:11:28'),
('2023-05-13', '196604021991031004', 'Suminto, SH, M.Si', 'III/d', 'PNS', 'Penata Tingkat 1', 'Arsiparis Ahli Muda (JF)', 6, '2023-05-14 11:47:53'),
('2023-05-13', '197305181994031002', 'Akhmad Imron, SKM,M.KKK', 'IV/a', 'PNS', 'Pembina', 'Epidemiolog Kesehatan Ahli Muda (JF)', 4, '2023-05-14 11:47:07'),
('2023-05-13', '197407221999032007', 'Yuyung Setiyowati, SKM, MPH', 'IV/a', 'PNS', 'Pembina', 'Sanitarian Ahli Madya (JF)', 5, '2023-05-14 11:47:30'),
('2023-05-13', '197807062009122001', 'dr. Yuli Kristanti', 'III/c', 'PNS', 'Penata', 'Dokter (JP)', 2, '2023-05-14 11:45:36'),
('2023-05-13', '197901292008121002', 'Siswanto, ST, M.Epid', 'III/c', 'PNS', 'Penata', 'Sanitarian Ahli Muda (JF)', 1, '2023-05-14 11:45:15'),
('2023-05-13', '198506142015032007', 'dr. Yuliana Tanaya', 'III/c', 'PNS', 'Penata', 'Dokter (JP)', 2, '2023-05-14 11:45:49'),
('2023-05-13', '199101062012122002', 'Fawandi Eta Rachmawati, SKM', 'III/a', 'PNS', 'Penata Muda', 'Sanitarian Ahli Pertama (JF)', 5, '2023-05-14 11:47:20'),
('2023-05-13', '919761119201005101', 'Budi Setiawan', '', 'PPNPN', '', 'Pengemudi', 7, '2023-05-14 11:48:05'),
('2023-05-13', '919881110202001101', 'Mustakim', '', 'PPNPN', '', 'Pengemudi', 7, '2023-05-14 11:48:16'),
('2023-05-13', '919900920202006101', 'Didik Aman Wahyudi, S.Kep, Ns', '', 'PPNPN', '', 'Perawat', 3, '2023-05-14 11:46:24'),
('2023-05-13', '919930504202002101', 'Rizqi Arief Firmansyah, S.Kom', '', 'PPNPN', '', 'Staf Substansi PKSE', 4, '2023-05-14 11:46:47'),
('2023-05-15', '196907231989032001', 'Ida Nurhandayani, SKM', 'IV/a', 'PNS', 'Pembina', 'Epidemiolog Kesehatan Ahli Madya (JF)', 4, '2023-05-15 07:56:38'),
('2023-05-15', '197304142000032001', 'Christiany Kusuma Pertiwi, S.Si', 'IV/a', 'PNS', 'Pembina', 'Entomolog Kesehatan Ahli Madya (JF)', 5, '2023-05-15 07:56:06'),
('2023-05-15', '197310162003122001', 'dr. Suci Wulansari Sp. KFR', 'III/d', 'PNS', 'Penata Tingkat 1', 'Dokter', 2, '2023-05-15 07:55:39'),
('2023-05-15', '197903112003122003', 'Devika Martyawati, SKM,M.Kes', 'IV/a', 'PNS', 'Pembina', 'Epidemiolog Kesehatan Ahli Muda (JF)', 1, '2023-05-15 07:55:15'),
('2023-05-15', '197904042002122003', 'Ira Ummu Aimanah, SKM, M.Kes', 'III/c', 'PNS', 'Penata', 'Epidemiolog Kesehatan Ahli Muda (JF)', 4, '2023-05-15 07:55:59'),
('2023-05-15', '197904212005012001', 'Henik Kartikowati, S.Kep,Ns', 'III/c', 'PNS', 'Penata', 'Perawat / Pengelola Keperawatan (JP)', 3, '2023-05-15 07:55:49'),
('2023-05-15', '198006072006042006', 'dr. Eni Wahyuni', 'IV/b', 'PNS', 'Pembina Tingkat 1', 'Dokter Ahli Madya (JF)', 2, '2023-05-15 07:56:25'),
('2023-05-15', '198009102008122001', 'Puspita Tri Mutiarani, S.KM', 'III/a', 'PNS', 'Penata Muda', 'Sanitarian Ahli Pertama (JF)', 5, '2023-05-15 07:56:52'),
('2023-05-15', '919800811202006101', 'Gatut Susanto', '', 'PPNPN', '', 'Pengemudi', 7, '2023-05-15 08:36:25'),
('2023-05-15', '919860421202003101', 'Roy Widiyanto', '', 'PPNPN', '', 'Pengemudi', 7, '2023-05-15 08:36:35'),
('2023-05-15', '919920923201802101', 'Septian Maulana Rakhmad, S.Kom', '', 'PPNPN', '', 'Staf Substansi TU', 6, '2023-05-15 07:57:05');

-- --------------------------------------------------------

--
-- Struktur dari tabel `role`
--

CREATE TABLE `role` (
  `id_role` int(11) NOT NULL,
  `role` varchar(50) DEFAULT NULL
) ENGINE=InnoDB DEFAULT CHARSET=utf8mb4 ROW_FORMAT=DYNAMIC;

--
-- Dumping data untuk tabel `role`
--

INSERT INTO `role` (`id_role`, `role`) VALUES
(1, 'Perwira Jaga'),
(2, 'Dokter'),
(3, 'Perawat'),
(4, 'Epidemiolog'),
(5, 'Sanitarian / Entomolog'),
(6, 'Petugas Kargo'),
(7, 'Sopir Ambulan');

-- --------------------------------------------------------

--
-- Struktur dari tabel `sbk`
--

CREATE TABLE `sbk` (
  `id_sbk` varchar(10) NOT NULL,
  `tgl_sbk` date DEFAULT NULL,
  `no_st` varchar(50) DEFAULT NULL
) ENGINE=InnoDB DEFAULT CHARSET=utf8mb4 ROW_FORMAT=DYNAMIC;

--
-- Dumping data untuk tabel `sbk`
--

INSERT INTO `sbk` (`id_sbk`, `tgl_sbk`, `no_st`) VALUES
('SBK230217', '2023-02-17', 'SR.02.04/2.1/3953/2023'),
('SBK230218', '2023-02-18', ''),
('SBK230219', '2023-02-19', ''),
('SBK230220', '2023-02-20', 'SR.02.04/2.1/4140/2023'),
('SBK230221', '2023-02-21', 'SR.02.04/2.1/4160/2023'),
('SBK230222', '2023-02-22', 'SR.02.04/2.1/4244/2023'),
('SBK230223', '2023-02-23', 'SR.02.04/2.1/4371/2023'),
('SBK230317', '2023-03-17', ' SR.02.04/2.1/6106/2023'),
('SBK230320', '2023-03-20', 'SR.03.04/2/6291/2023'),
('SBK230321', '2023-03-21', 'SR.02.04/2.1/6322/2023'),
('SBK230323', '2023-03-23', ''),
('SBK230324', '2023-03-24', 'SR.02.04/2.1/6600/2023'),
('SBK230327', '2023-03-27', 'SR.02.04/2.1/6794/2023'),
('SBK230329', '2023-03-29', 'SR.02.04/2.1/6934/2023'),
('SBK230330', '2023-03-30', 'SR.02.04/2.1/7011/2023'),
('SBK230331', '2023-03-31', 'SR.02.04/2.1/7038/2023'),
('SBK230403', '2023-04-03', 'SR.02.04/2.1/7304 /2023'),
('SBK230404', '2023-04-04', 'SR.02.04/2.1/7421/2023'),
('SBK230405', '2023-04-05', 'SR.02.04/2.1/7531/2023'),
('SBK230406', '2023-04-06', 'SR.02.04/2.1/7557/2023'),
('SBK230410', '2023-04-10', 'SR.02.04/2.1/7881/2023'),
('SBK230411', '2023-04-11', 'SR.02.04/2.1/7963/2023'),
('SBK230412', '2023-04-12', 'SR.02.04/2.1/8046/2023'),
('SBK230413', '2023-04-13', 'SR.02.04/2.1/8141 /2023'),
('SBK230414', '2023-04-14', 'SR.02.04/2.1/8229/2023'),
('SBK230417', '2023-04-17', 'SR.02.04/2.1/8460/2023'),
('SBK230418', '2023-04-18', 'SR.02.04/2.1/8546/2023'),
('SBK230419', '2023-04-19', ''),
('SBK230426', '2023-04-26', 'SR.02.04/2.1/8895/2023'),
('SBK230427', '2023-04-27', 'SR.02.04/2.1/8984/2023'),
('SBK230428', '2023-04-28', 'SR.02.04/2.1/9114/2023'),
('SBK230502', '2023-05-02', 'SR.02.04/2.1/9408/2023'),
('SBK230503', '2023-05-03', 'SR.02.04/2.1/9424/2023'),
('SBK230504', '2023-05-04', 'SR.02.04/2.1/9499/2023'),
('SBK230505', '2023-05-05', 'SR.02.04/2.1/9559/2023'),
('SBK230508', '2023-05-08', 'SR.02.04/2.1/9776/2023'),
('SBK230509', '2023-05-09', 'SR.02.04/2.1/9921/2023'),
('SBK230510', '2023-05-10', 'SR.02.04/2.1/10005/2023'),
('SBK230511', '2023-05-11', 'SR.02.04/2.1/10081/2023'),
('SBK230512', '2023-05-12', 'SR.02.04/2.1/10212/2023'),
('SBK230513', '2023-05-13', ''),
('SBK230515', '2023-05-15', 'SR.02.04/2.1/10355 /2023');

--
-- Indexes for dumped tables
--

--
-- Indeks untuk tabel `laporan`
--
ALTER TABLE `laporan`
  ADD PRIMARY KEY (`id_sbk`) USING BTREE;

--
-- Indeks untuk tabel `laporan_masalah`
--
ALTER TABLE `laporan_masalah`
  ADD PRIMARY KEY (`id_sbk`,`sub`) USING BTREE;

--
-- Indeks untuk tabel `laporan_saran`
--
ALTER TABLE `laporan_saran`
  ADD PRIMARY KEY (`id_sbk`,`sub`) USING BTREE;

--
-- Indeks untuk tabel `petugas`
--
ALTER TABLE `petugas`
  ADD PRIMARY KEY (`tgl`,`nip`) USING BTREE;

--
-- Indeks untuk tabel `role`
--
ALTER TABLE `role`
  ADD PRIMARY KEY (`id_role`) USING BTREE;

--
-- Indeks untuk tabel `sbk`
--
ALTER TABLE `sbk`
  ADD PRIMARY KEY (`id_sbk`) USING BTREE;
COMMIT;

/*!40101 SET CHARACTER_SET_CLIENT=@OLD_CHARACTER_SET_CLIENT */;
/*!40101 SET CHARACTER_SET_RESULTS=@OLD_CHARACTER_SET_RESULTS */;
/*!40101 SET COLLATION_CONNECTION=@OLD_COLLATION_CONNECTION */;
